11831,-5.09,0.2444,10
11924,-4.97,0.2444,10
12017,-4.78,0.1222,10
12109,-4.53,0.2444,10
12203,-4.74,0.2444,10
12296,-4.9,0.1222,10
12388,-4.79,0.6109,10
12481,-4.78,0.3666,10
12574,-5.03,0.7331,10
12666,-4.92,0.1222,10
12760,-4.68,0.2444,10
12853,-4.95,0.1222,10
12945,-4.87,0.1222,10
13038,-4.75,0.6109,10
13131,-4.79,0.2444,10
13223,-4.98,-0.1222,10
13317,-4.88,0.3666,10
13410,-4.92,0.4888,10
13502,-5.02,0.3666,10
13595,-4.85,0.4888,11
13688,-5.4,0.3666,11
13780,-6.1,0,11
13874,-6.18,0.2444,11
13967,-6.28,0.4888,11
14059,-6.03,0.2444,11
14152,-5.68,0,11
14245,-5.74,0.4888,11
14338,-5.72,0.1222,11
14431,-5.56,0.2444,11
14524,-5.49,0.1222,11
14616,-5.74,0.4888,11
14709,-5.74,0.2444,11
14802,-5.58,0.3666,11
14895,-5.78,0.2444,11
14988,-5.91,0.2444,11
15081,-5.81,0,11
15173,-5.83,0.6109,11
15266,-5.72,0.2444,11
15360,-5.92,0,11
15452,-5.98,0.2444,11
15545,-5.79,0.3666,11
15638,-5.69,0.1222,12
15730,-6.38,0.1222,12
15823,-7.13,0.2444,12
15917,-7.24,0,12
16009,-7.03,0,12
16102,-7.11,0,12
16195,-6.94,0,12
16287,-6.81,0.1222,12
16380,-6.75,0.6109,12
16474,-6.63,0.6109,12
16566,-6.88,0.3666,12
16659,-6.92,0.3666,12
16752,-6.91,0.6109,12
16844,-6.78,0.1222,12
16937,-6.97,0,12
17031,-7.16,0.1222,12
17123,-7.04,0.1222,12
17216,-7.07,0.6109,12
17308,-6.83,0.2444,12
17401,-6.94,0.1222,12
17495,-6.97,-0.1222,12
17587,-6.93,-0.1222,13
17680,-7.53,0.2444,13
17773,-8.47,0.2444,13
17865,-8.57,0.7331,13
17958,-8.47,0.7331,13
18052,-8.54,0.8553,13
18145,-8.6,0.4888,13
18237,-8.57,0.2444,13
18330,-8.46,0.4888,13
18423,-8.49,0.2444,13
18515,-8.38,0.4888,13
18609,-8.71,0.4888,13
18701,-8.64,0.3666,13
18794,-8.14,0.4888,13
18887,-8.29,0.3666,13
18979,-8.31,0.2444,13
19073,-8.21,0.3666,13
19166,-8.37,0.3666,13
19258,-8.48,0.2444,13
19351,-8.63,0.3666,13
19444,-8.69,0.8553,13
19536,-8.53,0.3666,13
19630,-8.61,0.3666,14
19723,-9.28,0,14
19815,-9.76,0,14
19908,-9.69,0.2444,14
20001,-9.69,0.3666,14
20093,-9.65,0.4888,14
20187,-9.53,0.7331,14
20280,-9.71,0.2444,14
20372,-9.66,0.2444,14
20465,-9.54,0.2444,14
20558,-9.72,0.7331,14
20651,-9.79,0.1222,14
20744,-9.77,0.3666,14
20837,-9.79,0.7331,14
20929,-9.6,0.3666,14
21022,-9.62,0.1222,14
21115,-9.71,0.1222,14
21208,-9.54,0.3666,14
21301,-9.61,0.3666,14
21394,-9.74,0,14
21486,-9.8,0.6109,14
21579,-9.81,0.1222,14
21672,-10.38,0.6109,15
21765,-11.2,0.4888,15
21858,-11.33,0.2444,15
21951,-11.22,0.2444,15
22043,-11.33,0.1222,15
22136,-11.37,0.3666,15
22230,-11.41,0.7331,15
22322,-11.45,0.6109,15
22415,-11.06,0,15
22508,-10.89,0.3666,15
22600,-11.1,0.8553,15
22693,-11.01,0.4888,15
22787,-11.16,0.6109,15
22879,-11.23,0.3666,15
22972,-11.35,0.1222,15
23065,-11.06,0.1222,15
23157,-11.02,0.4888,15
23250,-11.22,0.4888,15
23344,-11.5,0.2444,15
23436,-11.49,0.7331,15
23529,-11.54,0.4888,15
23622,-11.47,0.1222,16
23714,-12.21,0.1222,16
23808,-12.83,0.2444,16
23901,-12.84,0.9775,16
23993,-12.92,0.6109,16
24086,-12.75,0.3666,16
24179,-12.73,0.9775,16
24271,-12.94,0.4888,16
24365,-12.94,0.3666,16
24458,-12.94,0.9775,16
24550,-12.93,0.2444,16
24643,-13.06,0.1222,16
24736,-12.95,0.3666,16
24828,-12.76,0.4888,16
24922,-12.73,0.3666,16
25015,-12.84,0.8553,16
25107,-13.02,0.4888,16
25200,-12.72,0.7331,16
25293,-12.64,0.2444,16
25385,-12.99,1.2219,16
25479,-12.99,0.1222,16
25572,-13.11,0.2444,16
25664,-13.44,0.3666,17
25757,-14.61,0.3666,17
25850,-14.81,0.3666,17
25943,-14.75,0.2444,17
26036,-14.71,0.3666,17
26129,-15.03,0.7331,17
26221,-15.08,0.2444,17
26314,-15.2,0.7331,17
26407,-14.85,0.1222,17
26500,-14.8,0.3666,17
26593,-14.89,0.1222,17
26686,-14.96,0.1222,17
26778,-14.93,0.3666,17
26871,-14.99,0.1222,17
26964,-14.94,1.0997,17
27057,-15,0.6109,17
27150,-15.19,0.7331,17
27243,-15.41,0.4888,17
27335,-15.24,0.6109,17
27428,-15.09,0.3666,17
27522,-15.15,0.4888,17
27614,-15.24,0.3666,18
27707,-16.05,0.4888,18
27800,-16.77,0.4888,18
27892,-17.03,0,18
27985,-17.14,0.3666,18
28079,-17.05,0.1222,18
28171,-17.14,-0.1222,18
28264,-17.04,1.2219,18
28357,-17.11,0.2444,18
28449,-17.26,0.1222,18
28542,-16.87,0.3666,18
28636,-16.75,0.4888,18
28728,-16.81,0.7331,18
28821,-16.81,0.7331,18
28913,-16.75,0.7331,18
29006,-16.62,0.4888,18
29100,-16.72,0.1222,18
29192,-16.65,0.6109,18
29285,-16.8,0,18
29378,-17.07,0.2444,18
29470,-16.7,0.6109,18
29563,-16.8,0.2444,18
29657,-17.37,0.1222,19
29749,-18.74,0.6109,19
29842,-19.24,0.4888,19
29935,-19.27,0.6109,19
30027,-19.37,0.3666,19
30120,-19.43,0.4888,19
30214,-19.62,0.1222,19
30306,-19.52,0.2444,19
30399,-19.32,1.0997,19
30492,-19.2,0.6109,19
30584,-19.23,0.3666,19
30678,-19.33,0.8553,19
30771,-19.38,0.4888,19
30863,-19.59,0.6109,19
30956,-19.57,0.7331,19
31049,-19.21,0.8553,19
31141,-19.13,0.4888,19
31235,-19.04,0.1222,19
31328,-19.29,0.8553,19
31420,-19.29,0.4888,19
31513,-19.21,0.4888,19
31606,-19.67,1.2219,20
31698,-21.27,0.3666,20
31792,-22.3,1.2219,20
31885,-22.51,0.1222,20
31977,-22.54,0.7331,20
32070,-22.36,0.3666,20
32163,-22.37,0.8553,20
32256,-22.4,0.6109,20
32349,-22.47,0.8553,20
32442,-22.68,0.6109,20
32534,-22.56,0.7331,20
32627,-22.17,0.4888,20
32720,-22.43,0.7331,20
32813,-22.58,0.8553,20
32906,-22.71,0.9775,20
32999,-22.75,0.3666,20
33091,-22.89,0.2444,20
33184,-22.46,1.0997,20
33277,-22.1,0.7331,20
33370,-22.17,0.4888,20
33463,-22.36,1.2219,20
33556,-22.39,0.4888,20
33648,-22.84,0.6109,21
33741,-24.27,0.3666,21
33835,-24.65,0.7331,21
33927,-24.71,0.2444,21
34020,-24.63,0.4888,21
34113,-24.54,0.2444,21
34205,-24.4,0.9775,21
34298,-24.39,0.3666,21
34392,-24.38,0.8553,21
34484,-24.48,0.4888,21
34577,-24.3,0.3666,21
34670,-24.16,0.3666,21
34762,-24.43,0.6109,21
34855,-24.4,0.4888,21
34949,-24.48,0.7331,21
35041,-24.35,-0.1222,21
35134,-24.51,0.8553,21
35227,-24.7,1.0997,21
35319,-24.64,-0.1222,21
35412,-24.61,0.9775,21
35506,-24.79,0.4888,21
35598,-24.89,0.6109,22
35691,-26.11,0.7331,22
35784,-27.22,0.8553,22
35876,-27.21,0.8553,22
35970,-27.23,0.6109,22
36063,-27.29,0.7331,22
36155,-27.24,0.9775,22
36248,-27.07,0.3666,22
36341,-27.1,0.6109,22
36433,-27.17,0.8553,22
36527,-27.22,0.2444,22
36620,-27.08,0.3666,22
36712,-27.27,0.6109,22
36805,-27.48,1.3441,22
36898,-27.4,0.3666,22
36990,-27.61,0.8553,22
37084,-27.35,0.8553,22
37177,-26.98,0.9775,22
37269,-26.82,1.4663,22
37362,-27.09,0.7331,22
37455,-27.2,0.4888,22
37548,-27.27,0.2444,22
37641,-27.63,1.4663,23
37733,-29.26,0.1222,23
37826,-29.88,1.4663,23
37919,-29.87,0.4888,23
38011,-30.11,0.1222,23
38105,-29.86,0.7331,23
38198,-29.84,0.1222,23
38290,-29.86,0.2444,23
38383,-29.94,0.8553,23
38476,-30.24,0.8553,23
38568,-30.39,0.7331,23
38662,-30.29,1.4663,23
38755,-29.98,0.3666,23
38847,-29.96,0.9775,23
38940,-30.04,0.4888,23
39033,-29.75,0.7331,23
39126,-29.8,0.4888,23
39219,-29.75,-0.1222,23
39312,-29.76,0.3666,23
39404,-30.11,0.1222,23
39497,-29.86,0.6109,23
39590,-29.93,1.2219,24
39683,-31.21,0.7331,24
39776,-32.67,0.3666,24
39869,-32.74,0.8553,24
39961,-32.25,0.9775,24
40054,-32.16,1.5885,24
40147,-32.16,0.8553,24
40240,-32.28,0.9775,24
40333,-32.51,0.4888,24
40426,-32.42,0.9775,24
40518,-32.27,1.3441,24
40611,-32.34,1.5885,24
40705,-32.43,0.8553,24
40797,-32.62,0.4888,24
40890,-32.51,0.7331,24
40983,-32.39,0,24
41075,-32.42,0.2444,24
41168,-32.74,0.7331,24
41262,-32.72,0.9775,24
41354,-32.54,0.1222,24
41447,-32.36,0.6109,24
41540,-32.22,1.0997,24
41632,-32.85,0.4888,25
41725,-34.52,1.0997,25
41819,-35.21,0.7331,25
41911,-35.35,0.1222,25
42004,-35.4,1.0997,25
42097,-35.23,0.9775,25
42189,-35.63,0.9775,25
42283,-35.63,0.9775,25
42376,-35.14,0.8553,25
42468,-35.13,0.8553,25
42561,-35.11,0.8553,25
42654,-35.16,0.4888,25
42746,-35.42,0.9775,25
42840,-35.52,0.9775,25
42933,-35.26,0.8553,25
43025,-34.94,1.2219,25
43118,-34.81,1.2219,25
43211,-35.28,0.2444,25
43303,-35.38,0.6109,25
43397,-35.34,1.0997,25
43490,-35.33,1.2219,25
43582,-35.31,1.955,26
43675,-36.73,0.3666,26
43768,-38.63,1.2219,26
43860,-38.76,1.2219,26
43954,-38.8,1.0997,26
44047,-38.73,1.2219,26
44139,-38.47,1.0997,26
44232,-38.64,0.9775,26
44325,-38.77,1.3441,26
44418,-38.68,1.0997,26
44511,-38.28,1.2219,26
44604,-38.33,0.7331,26
44696,-38.29,1.2219,26
44789,-37.99,0.3666,26
44882,-38.15,1.7107,26
44975,-38.2,1.4663,26
45068,-38.01,2.0772,26
45161,-38.28,1.3441,26
45253,-38.43,2.0772,26
45346,-38.13,0.1222,26
45440,-38.2,1.0997,26
45532,-38.38,0.8553,26
45625,-38.7,1.3441,27
45718,-41.07,0.1222,27
45810,-41.52,1.4663,27
45903,-41.04,0.6109,27
45997,-41.07,0.4888,27
46089,-41.11,1.3441,27
46182,-41,0.3666,27
46275,-41.82,1.7107,27
46367,-41.91,0.4888,27
46460,-41.6,2.0772,27
46554,-41.45,1.4663,27
46646,-41.47,1.4663,27
46739,-41.63,1.0997,27
46832,-41.6,0.1222,27
46924,-41.63,0.9775,27
47017,-41.8,1.3441,27
47111,-41.8,1.2219,27
47203,-41.62,0.9775,27
47296,-41.46,1.2219,27
47389,-41.82,1.0997,27
47481,-41.77,0.4888,27
47575,-41.82,2.0772,28
47668,-42.75,0.6109,28
47760,-44.19,1.3441,28
47853,-45.1,1.0997,28
47946,-45.18,0.6109,28
48038,-45.32,1.8328,28
48132,-45.24,0.6109,28
48224,-44.88,0.3666,28
48317,-45.09,1.5885,28
48410,-44.65,1.3441,28
48502,-44.44,-0.1222,28
48595,-44.64,2.1994,28
48689,-44.48,1.0997,28
48781,-44.88,1.0997,28
48874,-45.33,-0.1222,28
48967,-45.2,2.3216,28
49059,-44.77,0.8553,28
49153,-44.77,0.8553,28
49246,-45.13,0.8553,28
49338,-45.55,1.0997,28
49431,-45.52,0.4888,28
49524,-45.18,1.3441,28
49616,-45.35,1.2219,29
49710,-47.38,1.2219,29
49803,-48.35,1.3441,29
49895,-48.67,0.9775,29
49988,-48.8,0,29
50081,-48.4,0.8553,29
50173,-48.18,0.3666,29
50267,-48.36,1.8328,29
50360,-48.36,1.8328,29
50452,-48.25,1.4663,29
50545,-48.26,0.9775,29
50638,-47.91,0.3666,29
50731,-48.11,1.5885,29
50824,-48.16,1.8328,29
50917,-48.27,0.2444,29
51009,-48.45,1.3441,29
51102,-48.56,0.6109,29
51195,-48.34,1.5885,29
51288,-48.06,1.2219,29
51381,-48.21,0.9775,29
51474,-48.6,2.6882,29
51566,-48.47,1.0997,30
51659,-49.63,0.1222,30
51752,-52.07,0.4888,30
51845,-52.7,0.6109,30
51938,-52.53,2.3216,30
52031,-52.52,0.8553,30
52123,-52.73,1.0997,30
52216,-52.66,1.8328,30
52310,-52.42,1.4663,30
52402,-52.35,0.4888,30
52495,-52.21,1.3441,30
52588,-52.22,0.1222,30
52680,-52.66,0.7331,30
52773,-52.49,1.0997,30
52867,-52.53,1.2219,30
52959,-52.57,0.2444,30
53052,-52.68,-0.1222,30
53145,-52.6,1.8328,30
53237,-52.37,2.4438,30
53330,-52.38,1.955,30
53424,-52.56,0,30
53516,-52.53,1.7107,30
53609,-53.03,0.3666,31
53702,-55.1,1.2219,31
53794,-55.68,0.9775,31
53888,-55.16,1.4663,31
53981,-55.36,0,31
54073,-55.38,0.4888,31
54166,-55.05,0.4888,31
54259,-54.94,1.4663,31
54351,-54.74,0.1222,31
54445,-55.11,1.4663,31
54538,-55.42,0.4888,31
54630,-55.42,0.7331,31
54723,-55.47,1.8328,31
54816,-55.57,1.4663,31
54908,-55.65,1.5885,31
55002,-55.25,1.7107,31
55095,-55.41,1.8328,31
55187,-55.62,1.8328,31
55280,-55.65,1.8328,31
55373,-55.32,0.2444,31
55465,-55.3,2.0772,31
55559,-55.81,1.8328,32
55652,-57.09,1.8328,32
55744,-59.75,1.7107,32
55837,-60.17,1.5885,32
55930,-59.85,1.3441,32
56023,-59.65,-0.3666,32
56116,-59.7,0.4888,32
56209,-60.19,1.7107,32
56301,-60.11,0.8553,32
56394,-59.8,2.6882,32
56487,-59.53,2.566,32
56580,-59.97,1.5885,32
56673,-60.17,0.4888,32
56766,-59.39,1.5885,32
56858,-59.96,0.1222,32
56951,-59.74,1.3441,32
57044,-59.78,1.4663,32
57137,-59.56,0.6109,32
57230,-59.39,0.6109,32
57323,-59.34,0.1222,32
57415,-59.78,1.2219,32
57508,-60.2,0.1222,32
57602,-60.4,0.4888,33
57694,-62.38,1.0997,33
57787,-63.98,1.7107,33
57880,-64.05,0.1222,33
57972,-63.96,2.6882,33
58065,-64.28,0.9775,33
58159,-64.7,1.8328,33
58251,-64.75,1.955,33
58344,-64.86,2.1994,33
58437,-65.2,1.955,33
58529,-65.2,1.4663,33
58622,-65.07,0.7331,33
58716,-64.61,1.5885,33
58808,-64.84,1.8328,33
58901,-64.8,3.1769,33
58994,-64.99,2.1994,33
59086,-65.29,1.3441,33
59180,-65.19,4.1544,33
59272,-64.81,1.4663,33
59365,-64.76,0.9775,33
59458,-64.85,1.5885,33
59550,-65.11,1.5885,33
59643,-65.96,0.3666,34
59737,-68.2,0.3666,34
59829,-69.09,1.3441,34
59922,-68.65,1.4663,34
60015,-68.72,2.3216,34
60107,-68.92,1.955,34
60200,-69.07,1.4663,34
60294,-68.99,2.9326,34
60386,-69.21,2.566,34
60479,-69.14,0.3666,34
60572,-69.46,0.9775,34
60664,-69.1,0.7331,34
60758,-68.79,0.6109,34
60851,-69.07,1.7107,34
60943,-69.02,1.7107,34
61036,-68.86,1.5885,34
61129,-68.71,2.3216,34
61221,-68.8,0.4888,34
61315,-68.86,2.3216,34
61408,-68.92,1.2219,34
61500,-68.82,0.7331,34
61593,-69.44,2.3216,35
61686,-72.14,1.8328,35
61778,-75.04,0.4888,35
61872,-75.25,0.7331,35
61965,-74.91,0.6109,35
62058,-74.97,0.8553,35
62150,-75.32,2.4438,35
62243,-75.33,1.955,35
62337,-75.36,1.3441,35
62429,-75.05,1.0997,35
62522,-75.04,1.3441,35
62615,-75.01,1.3441,35
62707,-75.05,1.3441,35
62800,-75,0.3666,35
62894,-75.2,1.2219,35
62986,-75.29,0.8553,35
63079,-75.21,1.8328,35
63172,-75.1,3.5435,35
63264,-75.19,1.955,35
63357,-75.13,1.5885,35
63451,-74.9,1.7107,35
63543,-75.01,0.7331,35
63636,-76.07,2.566,36
63729,-79.19,2.566,36
63821,-79.95,1.2219,36
63915,-79.74,1.8328,36
64008,-79.3,0.7331,36
64100,-79.43,1.955,36
64193,-79.84,2.9326,36
64286,-80.04,3.0547,36
64378,-79.7,0.9775,36
64472,-79.62,2.566,36
64565,-79.47,2.1994,36
64657,-79.49,1.2219,36
64750,-79.41,1.955,36
64843,-79.78,2.566,36
64935,-79.67,3.9101,36
65029,-79.61,0.4888,36
65122,-79.62,1.3441,36
65214,-79.93,0.9775,36
65307,-79.42,1.7107,36
65400,-79.32,3.7879,36
65492,-79.62,3.2991,36
65586,-79.64,2.566,37
65679,-82,3.1769,37
65771,-84.64,1.8328,37
65864,-84.7,0.9775,37
65957,-84.58,1.0997,37
66050,-84.64,2.0772,37
66143,-84.56,0.6109,37
66236,-84.58,3.5435,37
66329,-84.47,0.8553,37
66421,-84.51,0.7331,37
66514,-84.98,2.8104,37
66608,-84.73,0.2444,37
66700,-84.43,3.7879,37
66793,-84.84,1.4663,37
66886,-85.14,2.566,37
66978,-85.18,2.4438,37
67072,-84.8,1.7107,37
67165,-84.72,0.4888,37
67257,-84.73,2.6882,37
67350,-84.56,1.4663,37
67443,-84.9,1.0997,37
67535,-84.48,2.4438,37
67629,-85.44,1.8328,38
67722,-89.06,0.2444,38
67814,-90.42,1.0997,38
67907,-90.68,1.955,38
68000,-90.31,1.0997,38
68092,-90.41,1.5885,38
68186,-90.29,1.8328,38
68279,-90.36,1.4663,38
68371,-90.55,0.3666,38
68464,-90.43,1.8328,38
68557,-90,2.0772,38
68649,-90,2.3216,38
68743,-90.11,1.955,38
68836,-89.88,0.6109,38
68928,-90.23,1.2219,38
69021,-90.44,2.1994,38
69114,-90.2,1.5885,38
69208,-90.4,1.8328,38
69300,-90.19,0.6109,38
69393,-90.2,3.4213,38
69486,-90.42,0.9775,38
69578,-90.59,3.0547,39
69671,-92.3,2.3216,39
69765,-95.27,2.1994,39
69857,-96.15,2.9326,39
69950,-96.29,0.3666,39
70043,-96.18,1.955,39
70135,-95.4,2.4438,39
70228,-95.07,2.0772,39
70322,-95.13,1.5885,39
70414,-95.5,2.566,39
70507,-95.31,1.8328,39
70600,-95.55,2.4438,39
70692,-95.67,2.1994,39
70786,-95.63,2.3216,39
70879,-95.83,0.7331,39
70971,-95.92,0,39
71064,-95.76,3.6657,39
71157,-96.02,2.3216,39
71249,-95.86,0.6109,39
71343,-95.33,2.0772,39
71436,-95.27,1.3441,39
71528,-95.52,1.8328,39
71621,-96.54,1.3441,40
71714,-99.63,2.4438,40
71806,-101.05,3.2991,40
71900,-101.03,1.7107,40
71993,-101.14,2.3216,40
72085,-101.43,2.3216,40
72178,-101.04,1.5885,40
72271,-100.95,2.6882,40
72364,-101.01,1.5885,40
72457,-100.8,0.8553,40
72550,-100.84,0.6109,40
72642,-100.75,4.2766,40
72735,-100.7,0.3666,40
72828,-101.33,1.8328,40
72921,-101.42,1.4663,40
73014,-101.1,0.7331,40
73107,-100.81,1.8328,40
73199,-100.81,2.3216,40
73292,-100.67,3.2991,40
73385,-100.89,1.955,40
73478,-101.62,1.0997,40
73571,-101.47,2.9326,41
73664,-103.33,2.4438,41
73756,-105.98,2.1994,41
73849,-106.84,1.0997,41
73943,-106.66,1.4663,41
74035,-107.36,0.2444,41
74128,-108.09,3.7879,41
74221,-107.52,0.6109,41
74313,-107,2.0772,41
74406,-106.56,2.6882,41
74500,-106.96,2.8104,41
74592,-106.88,1.8328,41
74685,-106.68,1.7107,41
74778,-106.6,5.132,41
74871,-106.86,2.3216,41
74963,-106.68,3.5435,41
75057,-106.24,2.566,41
75150,-107.76,1.955,41
75242,-107.9,3.0547,41
75335,-107.76,0.7331,41
75428,-107.52,3.4213,41
75521,-107.31,1.4663,41
75614,-107.92,4.0323,42
75707,-111.74,0.7331,42
75799,-113.99,1.4663,42
75892,-113.89,2.566,42
75985,-113.71,4.1544,42
76078,-114.14,2.0772,42
76171,-114.17,2.9326,42
76264,-114.07,0.8553,42
76356,-113.87,3.2991,42
76449,-113.79,2.566,42
76542,-113.83,2.566,42
76635,-114.02,1.3441,42
76728,-114.31,1.5885,42
76821,-114.73,2.8104,42
76913,-114.08,3.4213,42
77006,-113.52,1.8328,42
77100,-113.75,3.2991,42
77192,-113.9,1.0997,42
77285,-114.01,1.3441,42
77378,-114.09,1.955,42
77470,-114.23,1.4663,42
77563,-114.03,0.8553,43
77657,-115.95,2.0772,43
77749,-119.23,3.4213,43
77842,-119.53,4.2766,43
77935,-119.23,2.4438,43
78027,-118.99,2.6882,43
78120,-119.12,5.2542,43
78214,-119.45,1.0997,43
78307,-119.44,5.3763,43
78399,-119.72,3.7879,43
78492,-119.55,4.1544,43
78585,-119.32,1.0997,43
78678,-119.55,2.9326,43
78771,-119.15,2.4438,43
78864,-119.53,4.3988,43
78956,-120.06,3.0547,43
79049,-119.21,4.1544,43
79142,-118.94,2.8104,43
79235,-119.33,4.1544,43
79328,-119.54,2.3216,43
79421,-119.25,1.7107,43
79513,-119.27,2.4438,43
79606,-120.23,1.955,44
79699,-123.2,0.8553,44
79792,-125,1.8328,44
79885,-125.05,1.4663,44
79978,-124.68,4.3988,44
80070,-124.68,2.1994,44
80163,-124.7,2.4438,44
80257,-124.69,3.7879,44
80349,-124.89,2.3216,44
80442,-124.47,2.1994,44
80535,-124.6,2.3216,44
80627,-124.56,0.3666,44
80720,-124.94,3.4213,44
80814,-124.92,0.9775,44
80906,-124.6,3.6657,44
80999,-124.37,1.3441,44
81092,-124.44,2.6882,44
81184,-124.78,0.6109,44
81277,-124.65,3.7879,44
81371,-124.97,2.0772,44
81463,-124.89,2.9326,44
81556,-124.4,1.0997,45
81649,-126.34,4.1544,45
81741,-130.18,4.1544,45
81835,-131.13,3.1769,45
81928,-130.81,1.955,45
82020,-131.05,2.0772,45
82113,-131.5,2.0772,45
82206,-131.46,3.9101,45
82299,-131.26,3.1769,45
82392,-131.64,1.8328,45
82485,-131.22,2.3216,45
82578,-131.27,0.7331,45
82670,-131.64,1.5885,45
82763,-131.29,3.2991,45
82856,-131.71,2.6882,45
82949,-131.87,1.3441,45
83042,-131.71,2.3216,45
83135,-132.13,0.9775,45
83227,-132.04,3.0547,45
83320,-131.98,1.7107,45
83414,-132.17,0.2444,45
83506,-132.13,2.8104,45
83599,-132.83,0.4888,46
83692,-135.73,1.4663,46
83784,-137.02,0.9775,46
83877,-137.5,3.2991,46
83971,-137.33,2.566,46
84063,-137.38,2.6882,46
84156,-137.45,1.3441,46
84249,-137.71,2.566,46
84341,-137.5,3.9101,46
84434,-137.21,5.3763,46
84528,-137.37,4.8876,46
84621,-136.99,0.7331,46
84713,-136.25,2.8104,46
84806,-136.73,2.0772,46
84899,-137.38,3.0547,46
84992,-137.37,3.5435,46
85085,-137.4,5.2542,46
85178,-136.67,3.0547,46
85270,-136.85,2.566,46
85363,-137.07,2.1994,46
85456,-136.94,2.0772,46
85549,-136.63,3.0547,47
85642,-139.14,5.7429,47
85735,-143.67,4.6432,47
85827,-144.42,2.3216,47
85920,-144.73,0.7331,47
86013,-144.15,4.521,47
86106,-143.89,3.5435,47
86199,-144.16,0.9775,47
86292,-144.35,4.8876,47
86384,-144.35,1.5885,47
86477,-143.94,4.7654,47
86571,-144.1,0.8553,47
86663,-144.72,1.4663,47
86756,-144.54,0.8553,47
86849,-143.93,0.8553,47
86941,-144.51,4.0323,47
87034,-144.88,2.3216,47
87128,-144.4,4.0323,47
87220,-144.56,1.2219,47
87313,-144.67,2.8104,47
87406,-144.79,4.6432,47
87498,-144.43,0.6109,47
87591,-144.73,1.7107,48
87685,-148.05,1.0997,48
87778,-150.61,1.3441,48
87870,-151.36,1.3441,48
87963,-151.28,1.8328,48
88056,-151.17,2.6882,48
88148,-151.52,2.566,48
88242,-150.24,2.3216,48
88335,-149.95,1.7107,48
88427,-150.66,5.2542,48
88520,-150.91,5.3763,48
88613,-151.2,3.1769,48
88706,-151.34,0.6109,48
88799,-151.36,4.3988,48
88892,-151.2,4.8876,48
88984,-151.31,4.0323,48
89077,-151.26,5.0098,48
89170,-150.41,4.521,48
89263,-150.45,1.5885,48
89356,-150.36,5.3763,48
89449,-150.73,0.9775,48
89541,-150.82,2.566,49
89634,-151.97,3.5435,49
89728,-155.72,6.3539,49
89820,-156.46,1.955,49
89913,-155.57,1.7107,49
90006,-155.14,4.3988,49
90098,-155.44,3.0547,49
90191,-155.52,1.2219,49
90285,-156,4.0323,49
90377,-155.88,1.2219,49
90470,-155.2,1.5885,49
90563,-155.3,2.4438,49
90655,-155.88,2.0772,49
90748,-155.35,4.0323,49
90842,-155.52,1.2219,49
90934,-155.67,0.8553,49
91027,-155.48,2.6882,49
91120,-155.38,5.0098,49
91212,-155.56,3.9101,49
91305,-155.23,3.5435,49
91399,-155.43,1.7107,49
91491,-155.93,6.1095,49
91584,-156.1,3.2991,50
91677,-159.54,2.566,50
91769,-162.47,3.2991,50
91863,-162.74,1.7107,50
91956,-163,2.6882,50
92048,-163,4.7654,50
92141,-163.12,6.7204,50
92234,-162.96,2.8104,50
92326,-163.29,2.1994,50
92420,-163.39,4.3988,50
92513,-163.41,1.5885,50
92605,-163.42,3.5435,50
92698,-163.68,3.4213,50
92791,-163.94,6.7204,50
92883,-163.35,3.2991,50
92977,-163.12,1.3441,50
93070,-163.48,0.9775,50
93163,-163.58,4.2766,50
93255,-163.39,3.1769,50
93348,-162.72,1.7107,50
93442,-162.82,4.3988,50
93534,-163.33,4.0323,51
93627,-164.5,1.5885,51
93720,-167.33,3.2991,51
93812,-168.54,3.5435,51
93905,-168.76,3.4213,51
93999,-168.63,3.0547,51
94091,-168.9,2.1994,51
94184,-168.61,2.566,51
94277,-168.59,3.4213,51
94369,-168.89,2.3216,51
94462,-168.72,3.2991,51
94556,-168.56,3.7879,51
94648,-168.31,5.3763,51
94741,-168.6,6.2317,51
94834,-169.12,3.5435,51
94926,-169.07,3.2991,51
95020,-168.94,5.9873,51
95113,-169.4,4.1544,51
95205,-169.36,1.7107,51
95298,-169.03,3.6657,51
95391,-168.84,2.566,51
95483,-168.26,3.5435,51
95577,-168.74,4.3988,52
95670,-171.99,3.7879,52
95762,-174.66,3.6657,52
95855,-175.07,1.8328,52
95948,-175.7,4.6432,52
96040,-175.78,2.3216,52
96134,-175.25,1.2219,52
96227,-175.42,5.3763,52
96319,-175.5,5.3763,52
96412,-175.24,4.1544,52
96505,-176.33,2.4438,52
96598,-176.58,3.1769,52
96691,-175.43,6.2317,52
96784,-175.51,5.6207,52
96876,-175.85,4.3988,52
96969,-175.6,3.7879,52
97062,-175.84,2.566,52
97155,-175.72,2.1994,52
97248,-175.65,2.0772,52
97341,-176.58,7.2092,52
97433,-176.47,1.2219,52
97526,-175.83,2.9326,52
97619,-176.17,6.1095,53
97712,-180.41,7.8201,53
97805,-182.21,3.4213,53
97898,-182.03,5.132,53
97990,-182.09,2.9326,53
98083,-181.48,3.1769,53
98177,-181.33,3.6657,53
98269,-181.64,3.2991,53
98362,-182.37,4.0323,53
98455,-181.71,6.2317,53
98547,-181.56,4.521,53
98640,-182.15,4.1544,53
98734,-181.86,2.8104,53
98826,-181.61,2.8104,53
98919,-181.32,3.7879,53
99012,-180.8,4.1544,53
99104,-181.15,4.0323,53
99197,-181.42,2.1994,53
99291,-181.89,1.3441,53
99383,-181.19,5.132,53
99476,-181.56,0.3666,53
99569,-182.7,4.2766,54
99662,-186.37,3.5435,54
99755,-188.06,1.5885,54
99848,-187.96,3.2991,54
99941,-187.33,3.5435,54
100033,-187.38,3.6657,54
100126,-187.85,3.5435,54
100219,-187.63,3.1769,54
100312,-187.47,4.3988,54
100405,-188.14,4.0323,54
100498,-188.72,2.9326,54
100590,-188.52,4.8876,54
100683,-187.66,1.955,54
100776,-187.65,2.3216,54
100869,-188.17,3.9101,54
100962,-187.87,2.1994,54
101055,-188.18,1.2219,54
101147,-188.24,2.1994,54
101240,-188.17,2.6882,54
101334,-188.34,1.3441,54
101426,-188.56,2.6882,54
101519,-187.74,2.4438,54
101612,-188.99,2.4438,55
101704,-193.07,2.566,55
101797,-195.04,3.4213,55
101891,-195.12,2.3216,55
101983,-195,1.7107,55
102076,-194.24,4.3988,55
102169,-193.67,5.3763,55
102261,-193.92,2.3216,55
102354,-194.07,3.5435,55
102448,-194.74,4.2766,55
102540,-194.05,0.8553,55
102633,-193.94,4.3988,55
102726,-194.53,3.4213,55
102818,-194.27,3.5435,55
102912,-194.42,6.4761,55
103005,-194.53,4.0323,55
103097,-194.31,3.5435,55
103190,-193.86,2.0772,55
103283,-194.09,3.7879,55
103375,-194.85,6.8426,55
103469,-194.68,4.1544,55
103562,-194.88,5.3763,56
103654,-197.6,3.7879,56
103747,-199.77,4.2766,56
103840,-199.78,8.4311,56
103933,-199.83,3.6657,56
104026,-200.6,5.4985,56
104119,-200.5,2.8104,56
104212,-200.25,4.7654,56
104304,-199.5,2.0772,56
104397,-199.41,3.6657,56
104491,-200.1,2.0772,56
104583,-200.22,5.0098,56
104676,-200.52,3.4213,56
104769,-200.53,3.6657,56
104861,-200.49,2.0772,56
104954,-199.87,5.7429,56
105048,-200,3.9101,56
105140,-200.12,2.9326,56
105233,-200.07,2.566,56
105326,-199.96,7.8201,56
105418,-199.4,6.7204,56
105511,-200.04,4.0323,56
105605,-202.51,1.955,57
105697,-206.42,6.2317,57
105790,-207.56,3.0547,57
105883,-207.72,4.3988,57
105975,-207.99,3.6657,57
106068,-207.85,3.9101,57
106162,-207.89,6.3539,57
106254,-207.69,4.8876,57
106347,-207.48,1.2219,57
106440,-207.48,4.8876,57
106532,-208.18,6.5982,57
106626,-208.45,4.8876,57
106719,-207.38,4.0323,57
106811,-207.77,5.6207,57
106904,-208.15,4.7654,57
106997,-207.98,6.4761,57
107089,-208.55,8.6755,57
107183,-208.48,5.2542,57
107276,-207.73,5.8651,57
107368,-207.64,3.0547,57
107461,-207.88,3.1769,57
107554,-208.19,7.9423,58
107646,-211.41,7.4536,58
107740,-214.2,4.1544,58
107833,-214.4,4.521,58
107925,-214.34,4.8876,58
108018,-214.97,2.6882,58
108111,-215.37,4.521,58
108204,-215.15,3.0547,58
108297,-215.68,5.2542,58
108390,-215.18,6.2317,58
108482,-214.06,3.6657,58
108575,-214.4,5.132,58
108668,-215.39,2.4438,58
108761,-214.89,6.3539,58
108854,-215.28,4.2766,58
108947,-215.46,1.2219,58
109039,-215.2,5.3763,58
109132,-215.24,6.3539,58
109225,-215.46,3.0547,58
109318,-215.52,3.2991,58
109411,-215.16,4.2766,58
109504,-214.87,4.8876,58
109596,-217.06,7.087,59
109689,-221.37,2.6882,59
109783,-222.64,7.4536,59
109875,-222.66,5.0098,59
109968,-222.34,5.2542,59
110061,-223.17,7.087,59
110153,-223.15,6.7204,59
110246,-222.67,4.7654,59
110340,-221.87,7.5758,59
110432,-222.01,4.1544,59
110525,-222.32,4.3988,59
110618,-222.59,3.9101,59
110710,-222.49,4.6432,59
110803,-222.92,4.3988,59
110897,-223.02,3.4213,59
110989,-223.04,5.2542,59
111082,-222.88,6.8426,59
111175,-223.05,5.132,59
111267,-223.14,7.3314,59
111361,-222.71,5.7429,59
111454,-222.33,4.1544,59
111546,-222.6,2.566,60
111639,-226.02,4.3988,60
111732,-228.77,2.9326,60
111825,-229.36,2.566,60
111918,-229.09,6.2317,60
112011,-228.93,5.8651,60
112104,-229.29,4.2766,60
112196,-229.36,3.6657,60
112289,-228.85,6.9648,60
112382,-229.16,6.2317,60
112475,-229.62,5.2542,60
112568,-229.03,5.9873,60
112661,-228.58,4.6432,60
112753,-229.53,3.7879,60
112846,-230.37,4.7654,60
112940,-230.28,8.7977,60
113032,-229.99,6.1095,60
113125,-229.69,6.1095,60
113218,-230.14,5.0098,60
113310,-230.72,3.7879,60
113403,-230.03,7.8201,60
113497,-229.45,4.8876,60
113589,-229.73,6.7204,61
113682,-234.13,3.7879,61
113775,-236.31,8.3089,61
113867,-236.12,4.3988,61
113960,-235.61,6.3539,61
114054,-235.95,4.7654,61
114146,-236.33,1.5885,61
114239,-236.32,4.521,61
114332,-236.49,3.9101,61
114424,-236.12,5.8651,61
114518,-235.83,4.8876,61
114611,-235.97,5.2542,61
114703,-235.16,8.7977,61
114796,-235.63,4.0323,61
114889,-236.33,2.4438,61
114981,-235.99,8.3089,61
115075,-235.51,5.9873,61
115168,-236.64,6.4761,61
115260,-237.03,7.6979,61
115353,-237.08,5.2542,61
115446,-237.16,2.8104,61
115538,-236.75,5.7429,62
115632,-239.57,5.2542,62
115725,-243.3,3.9101,62
115817,-243.08,1.8328,62
115910,-242.19,5.4985,62
116003,-242.29,3.7879,62
116096,-242.65,5.3763,62
116189,-242.66,5.4985,62
116282,-242.89,5.0098,62
116374,-243.74,6.5982,62
116467,-242.79,3.1769,62
116560,-243.09,3.6657,62
116653,-243.2,5.7429,62
116746,-243.32,7.3314,62
116839,-243.28,3.7879,62
116931,-242.83,2.8104,62
117024,-242.73,5.7429,62
117117,-242.81,4.8876,62
117210,-243.06,6.9648,62
117303,-242.68,6.9648,62
117396,-242.51,8.1867,62
117488,-242.94,3.7879,62
117581,-243.36,5.4985,63
117675,-248.11,4.1544,63
117767,-250.09,3.1769,63
117860,-250.33,6.2317,63
117953,-250.63,4.521,63
118045,-250.36,7.6979,63
118138,-250.67,3.5435,63
118232,-251.24,4.1544,63
118324,-250.98,6.5982,63
118417,-251.12,4.1544,63
118510,-251.29,6.7204,63
118602,-250.32,7.4536,63
118695,-249.35,7.087,63
118789,-250.43,4.2766,63
118881,-251.02,7.2092,63
118974,-250.56,6.4761,63
119067,-250.87,3.5435,63
119159,-251.1,4.521,63
119252,-250.69,4.1544,63
119346,-250.68,6.1095,63
119438,-250.39,5.2542,63
119531,-250.54,6.4761,64
119624,-251.92,4.0323,64
119716,-255.28,4.1544,64
119810,-256.41,4.0323,64
119903,-256.54,2.6882,64
119995,-257.1,6.4761,64
120088,-256.07,5.4985,64
120181,-256.17,6.7204,64
120273,-257.14,2.566,64
120367,-256.87,3.2991,64
120460,-256.92,6.5982,64
120552,-255.76,5.4985,64
120645,-254.87,5.3763,64
120738,-255.18,5.132,64
120832,-255.71,3.6657,64
120924,-255.96,5.4985,64
121017,-256.03,6.3539,64
121109,-256.41,6.4761,64
121202,-256.4,7.087,64
121295,-256.7,4.3988,64
121388,-255.86,6.9648,64
121481,-256.27,6.2317,64
121574,-257.57,8.9198,65
121667,-260.4,5.2542,65
121759,-262.95,4.521,65
121852,-263.11,5.0098,65
121946,-262.88,5.4985,65
122038,-262.64,3.7879,65
122131,-262.99,5.3763,65
122224,-262.49,8.0645,65
122316,-262.24,4.2766,65
122409,-262.92,6.7204,65
122503,-262.95,4.7654,65
122595,-262.82,6.3539,65
122688,-263.42,5.9873,65
122781,-264.03,7.6979,65
122873,-263.38,5.3763,65
122967,-263.81,7.3314,65
123060,-263.96,5.2542,65
123152,-263.75,4.8876,65
123245,-262.64,4.8876,65
123338,-262.75,5.6207,65
123430,-263.31,6.9648,65
123524,-263.28,7.6979,66
123617,-265.65,5.9873,66
123709,-268.79,5.132,66
123802,-269.59,5.8651,66
123895,-270.15,5.6207,66
123987,-270.17,5.0098,66
124081,-270.44,6.7204,66
124174,-269.93,4.6432,66
124266,-270.05,6.3539,66
124359,-270.52,5.3763,66
124452,-270.2,4.6432,66
124545,-270.32,5.8651,66
124638,-270.5,2.6882,66
124731,-270.12,4.1544,66
124823,-270.33,6.2317,66
124916,-270.1,5.7429,66
125009,-269.82,5.3763,66
125102,-270.7,5.132,66
125195,-270.28,6.5982,66
125288,-270.65,6.2317,66
125380,-270.73,5.2542,66
125473,-270.01,6.1095,66
125566,-271.3,6.4761,67
125659,-274,5.9873,67
125752,-276.47,5.132,67
125845,-276.34,6.1095,67
125937,-276.51,5.6207,67
126030,-276.46,5.2542,67
126124,-276.47,8.0645,67
126216,-277.06,7.087,67
126309,-277.12,4.6432,67
126402,-276.69,6.3539,67
126494,-276.79,5.2542,67
126587,-276.76,3.9101,67
126681,-276.69,7.5758,67
126773,-276.63,8.6755,67
126866,-276.89,8.0645,67
126959,-276.3,6.3539,67
127051,-276.2,2.0772,67
127144,-276.33,4.0323,67
127238,-277.15,8.6755,67
127330,-276.64,6.5982,67
127423,-276.6,6.5982,67
127516,-277.22,4.7654,68
127608,-278.39,3.9101,68
127702,-281.34,4.2766,68
127795,-281.39,3.5435,68
127887,-280.58,5.4985,68
127980,-281.13,7.5758,68
128073,-281.38,6.1095,68
128165,-282.21,7.9423,68
128259,-282.06,7.087,68
128352,-281.57,6.2317,68
128444,-282.25,4.6432,68
128537,-281.47,4.2766,68
128630,-281.27,6.3539,68
128722,-282.41,9.1642,68
128816,-282.13,5.9873,68
128909,-281.22,6.1095,68
129001,-281.79,6.4761,68
129094,-282.35,6.4761,68
129187,-282.29,5.0098,68
129280,-281.73,6.4761,68
129373,-282.07,6.1095,68
129466,-281.83,8.6755,68
129558,-281.89,6.3539,69
129651,-285.16,4.3988,69
129744,-288.04,8.6755,69
129837,-287.41,6.9648,69
129930,-287.89,7.9423,69
130023,-288.13,6.7204,69
130115,-288.23,6.5982,69
130208,-288.11,7.2092,69
130301,-287.84,5.6207,69
130394,-287.66,7.3314,69
130487,-287.4,4.8876,69
130580,-287.5,8.6755,69
130672,-287.55,9.4086,69
130765,-287.67,5.3763,69
130859,-287.63,3.5435,69
130951,-287.38,4.6432,69
131044,-287.49,5.2542,69
131137,-287.5,6.1095,69
131229,-287.37,6.3539,69
131322,-287.82,7.6979,69
131416,-288,6.9648,69
131508,-287.83,9.4086,70
131601,-289.78,6.4761,70
131694,-292.66,3.0547,70
131786,-293.37,9.4086,70
131879,-294.67,6.5982,70
131973,-295.07,7.9423,70
132065,-294.87,4.521,70
132158,-294.68,6.7204,70
132250,-294.51,3.4213,70
132343,-294.33,5.0098,70
132436,-294.19,4.3988,70
132529,-294.6,5.8651,70
132622,-294.82,3.6657,70
132715,-294.73,8.6755,70
132807,-294.16,5.4985,70
132900,-293.63,7.2092,70
132994,-294.87,6.7204,70
133086,-295.4,5.7429,70
133179,-294.92,6.8426,70
133272,-294.23,3.7879,70
133364,-293.64,9.7752,70
133457,-294.28,7.9423,70
133551,-295.15,4.521,71
133643,-298.2,7.9423,71
133736,-301.23,5.8651,71
133829,-300.46,5.6207,71
133921,-299.93,6.2317,71
134014,-300.86,3.9101,71
134108,-301.4,6.2317,71
134200,-300.95,4.8876,71
134293,-300.03,7.8201,71
134386,-300.19,7.5758,71
134478,-300.14,4.521,71
134572,-301.25,8.0645,71
134665,-301.95,5.2542,71
134757,-300.93,9.2864,71
134850,-300.63,7.4536,71
134943,-301,5.4985,71
135036,-301.66,5.9873,71
135129,-301.53,6.3539,71
135222,-301.39,5.6207,71
135315,-300.97,5.2542,71
135407,-301.76,8.6755,71
135500,-301.14,5.8651,71
135593,-303.03,7.087,72
135686,-307,9.042,72
135779,-307.85,9.4086,72
135872,-307.74,6.9648,72
135964,-306.93,8.6755,72
136057,-306.21,2.6882,72
136151,-307.15,8.0645,72
136243,-308.4,6.3539,72
136336,-307.99,6.4761,72
136429,-307.57,2.6882,72
136521,-308.59,4.521,72
136614,-307.96,5.8651,72
136708,-308.33,5.9873,72
136800,-308.89,9.5308,72
136893,-308.74,8.4311,72
136985,-307.89,2.8104,72
137078,-307.14,6.2317,72
137171,-307.56,4.6432,72
137264,-308.23,4.2766,72
137357,-308.52,9.653,72
137450,-308.25,6.1095,72
137542,-307.9,7.3314,73
137635,-310.73,9.4086,73
137729,-313.59,8.0645,73
137821,-315.53,5.3763,73
137914,-316.22,9.042,73
138007,-316.33,7.2092,73
138099,-315.61,8.5533,73
138192,-315.12,7.9423,73
138286,-315.05,6.5982,73
138378,-315.85,5.3763,73
138471,-315.48,7.087,73
138564,-315.17,3.6657,73
138656,-314.85,7.4536,73
138749,-314.57,9.042,73
138843,-315.32,7.9423,73
138935,-315.38,7.9423,73
139028,-315.13,9.653,73
139121,-315.67,6.9648,73
139213,-314.69,5.0098,73
139307,-314.95,4.8876,73
139400,-315.32,7.5758,73
139492,-315.03,9.1642,73
139585,-316.41,6.4761,74
139678,-320.35,6.2317,74
139770,-322.21,3.6657,74
139864,-322.39,8.0645,74
139957,-321.96,5.8651,74
140049,-321.83,10.1417,74
140142,-322.44,9.2864,74
140235,-322.56,8.6755,74
140327,-321.73,7.6979,74
140421,-321.88,7.6979,74
140514,-322.05,6.2317,74
140606,-322.2,9.5308,74
140699,-321.25,7.087,74
140792,-321.47,8.3089,74
140884,-322.38,5.7429,74
140978,-322.67,9.4086,74
141071,-322.75,7.4536,74
141163,-321.73,6.1095,74
141256,-320.61,7.087,74
141349,-321.44,7.6979,74
141442,-321.53,6.5982,74
141535,-321.51,6.7204,75
141628,-325.74,6.4761,75
141720,-329.21,6.5982,75
141813,-329.59,5.132,75
141906,-328.85,8.0645,75
141999,-329.19,6.2317,75
142092,-330.74,6.3539,75
142185,-330.88,4.3988,75
142277,-330.55,3.1769,75
142370,-329.85,4.3988,75
142464,-329.76,6.8426,75
142556,-330.23,3.6657,75
142649,-329.54,8.4311,75
142742,-329.93,7.4536,75
142834,-330.11,6.5982,75
142927,-329.58,8.3089,75
143021,-330.04,6.8426,75
143114,-329.92,5.8651,75
143206,-330.12,10.3861,75
143299,-330.97,7.5758,75
143392,-329.6,6.1095,75
143484,-330.3,6.9648,75
143578,-331.81,4.8876,76
143671,-335.37,8.9198,76
143763,-337.9,6.4761,76
143856,-338.03,7.3314,76
143949,-337.43,7.8201,76
144041,-336.95,9.7752,76
144135,-336.96,6.8426,76
144228,-338.24,8.0645,76
144320,-338.61,8.7977,76
144413,-338.12,7.2092,76
144506,-337.74,6.7204,76
144599,-338.05,3.7879,76
144692,-337.87,7.8201,76
144785,-336.91,6.7204,76
144877,-336.72,10.2639,76
144970,-337.38,8.0645,76
145063,-337.72,9.1642,76
145156,-338.11,7.2092,76
145249,-337.89,10.5083,76
145342,-338.04,6.1095,76
145434,-337.6,6.8426,76
145527,-336.88,4.3988,77
145620,-341.42,7.3314,77
145713,-345.43,5.7429,77
145806,-345.82,9.1642,77
145899,-346.42,9.042,77
145991,-346.42,6.7204,77
146084,-345.6,6.1095,77
146178,-345.69,9.1642,77
146270,-346.07,6.3539,77
146363,-346.12,9.653,77
146456,-346.12,6.3539,77
146548,-346.34,9.7752,77
146641,-346.15,8.1867,77
146735,-347.61,8.6755,77
146827,-347.01,9.7752,77
146920,-345.52,3.0547,77
147013,-345.33,6.5982,77
147105,-346.4,6.4761,77
147198,-346,7.8201,77
147292,-346.51,5.3763,77
147384,-346.55,7.2092,77
147477,-346.45,5.8651,77
147570,-347.49,3.9101,78
147662,-351.13,7.3314,78
147756,-354.1,7.6979,78
147849,-353.74,6.8426,78
147941,-353.52,5.8651,78
148034,-354.2,4.2766,78
148127,-354.92,8.6755,78
148219,-355.29,6.9648,78
148313,-354.42,6.7204,78
148406,-353.57,6.7204,78
148498,-353.16,9.4086,78
148591,-353.11,7.087,78
148684,-353.28,7.087,78
148776,-353.4,9.1642,78
148870,-354.83,8.6755,78
148963,-354.64,6.1095,78
149055,-353.5,8.0645,78
149148,-353.75,9.653,78
149241,-354.12,7.8201,78
149334,-354.17,9.1642,78
149427,-354.59,8.9198,78
149520,-354.95,7.2092,79
149612,-357.27,6.5982,79
149705,-360.56,8.9198,79
149798,-360.96,7.6979,79
149891,-359.72,7.087,79
149984,-359.34,5.2542,79
150077,-359.77,7.5758,79
150169,-360.55,7.3314,79
150262,-360.52,8.0645,79
150355,-361.2,7.5758,79
150448,-362.27,7.3314,79
150541,-363.27,8.6755,79
150634,-363.24,5.9873,79
150726,-362.53,9.653,79
150819,-361.62,5.3763,79
150913,-361.8,7.4536,79
151005,-361.46,7.3314,79
151098,-360.74,9.7752,79
151191,-362.49,7.8201,79
151283,-361.83,6.4761,79
151376,-361.72,7.4536,79
151470,-362.16,6.8426,79
151562,-360.96,11.2414,80
151655,-365.78,7.9423,80
151748,-369.49,7.6979,80
151840,-369.95,8.0645,80
151933,-370.25,6.9648,80
152027,-369.86,8.7977,80
152119,-370.23,9.042,80
152212,-369.98,6.7204,80
152305,-370.21,5.2542,80
152397,-369.84,9.4086,80
152491,-369.82,9.1642,80
152583,-370.04,5.6207,80
152676,-370.74,9.1642,80
152769,-369.69,7.9423,80
152861,-369.19,8.7977,80
152954,-369.34,10.2639,80
153048,-369.33,7.2092,80
153140,-369.72,4.6432,80
153233,-369.43,5.132,80
153326,-369.08,9.2864,80
153418,-369.14,7.3314,80
153511,-369.67,11.7302,81
153605,-372.31,8.4311,81
153697,-376.66,6.2317,81
153790,-377.85,6.7204,81
153883,-377.36,6.3539,81
153975,-376.01,8.4311,81
154068,-375.62,8.5533,81
154162,-377.38,9.8974,81
154254,-378.1,8.0645,81
154347,-377.48,7.5758,81
154440,-377.32,8.7977,81
154532,-377.11,10.0195,81
154626,-377.16,10.6305,81
154719,-377,10.3861,81
154811,-377.56,6.9648,81
154904,-378.17,7.087,81
154997,-377,9.7752,81
155089,-377.06,9.653,81
155183,-377.46,5.132,81
155276,-377.35,4.6432,81
155368,-376.28,5.3763,81
155461,-376.26,7.4536,81
155554,-377.47,10.6305,82
155646,-382.4,8.7977,82
155740,-384.44,8.3089,82
155833,-384.68,10.7527,82
155925,-384.25,8.5533,82
156018,-384.25,9.4086,82
156111,-384.4,8.4311,82
156204,-383.83,9.7752,82
156297,-383.01,8.9198,82
156390,-383.99,10.1417,82
156482,-385.15,10.3861,82
156575,-385.95,6.7204,82
156668,-384.29,7.4536,82
156761,-385.06,10.5083,82
156854,-384.47,8.6755,82
156947,-384.76,8.1867,82
157039,-385.87,7.5758,82
157132,-385.1,8.4311,82
157225,-386.09,7.8201,82
157318,-385.62,9.1642,82
157411,-385.23,10.2639,82
157504,-385.33,8.4311,83
157596,-388.4,8.3089,83
157689,-393.64,10.3861,83
157783,-393.54,8.0645,83
157875,-393.03,7.9423,83
157968,-392.76,5.132,83
158061,-392.8,9.5308,83
158153,-392.71,5.132,83
158246,-391.69,8.3089,83
158340,-392.09,9.042,83
158432,-392.61,10.6305,83
158525,-392.61,10.8749,83
158618,-393.1,6.5982,83
158710,-393.41,8.3089,83
158803,-393.67,9.8974,83
158897,-392.53,10.8749,83
158989,-392.2,11.2414,83
159082,-393.28,7.9423,83
159175,-393.82,10.3861,83
159267,-393.95,10.7527,83
159361,-394.16,11.1193,83
159454,-395.43,5.6207,83
159546,-394.84,11.9746,84
159639,-398.68,5.7429,84
159732,-401.47,10.3861,84
159824,-400.74,8.9198,84
159918,-399.8,10.0195,84
160011,-400.27,6.2317,84
160103,-400.28,7.6979,84
160196,-400.01,8.4311,84
160289,-401.01,8.4311,84
160381,-401.45,6.8426,84
160475,-401.51,8.4311,84
160568,-402.02,8.0645,84
160660,-402.67,9.4086,84
160753,-401.86,8.4311,84
160846,-402.13,7.9423,84
160939,-402.16,8.9198,84
161032,-401.08,10.8749,84
161125,-400.24,9.653,84
161217,-401,9.1642,84
161310,-402.14,10.7527,84
161403,-403.07,11.8524,84
161496,-402.73,8.3089,85
161589,-405.46,6.3539,85
161682,-409.9,10.8749,85
161774,-411.55,8.7977,85
161867,-411.03,11.9746,85
161960,-411.92,10.6305,85
162053,-411.43,9.042,85
162146,-411.12,10.5083,85
162239,-411.46,6.1095,85
162331,-411.75,7.6979,85
162424,-411.47,10.5083,85
162518,-411.38,11.7302,85
162610,-412.29,10.6305,85
162703,-411.9,10.6305,85
162796,-411.34,6.2317,85
162888,-411.48,10.6305,85
162981,-412.3,8.6755,85
163075,-412.67,10.7527,85
163167,-413.17,10.8749,85
163260,-412.68,9.7752,85
163353,-413.28,10.0195,85
163445,-412.63,9.2864,85
163538,-413.13,7.5758,86
163632,-417.8,7.4536,86
163724,-421.85,12.219,86
163817,-420.6,9.1642,86
163910,-421.04,10.9971,86
164002,-421.43,8.1867,86
164096,-421.21,9.8974,86
164189,-420.27,11.7302,86
164281,-420.14,11.4858,86
164374,-420.45,10.0195,86
164467,-421.35,10.9971,86
164559,-421.93,8.5533,86
164653,-420.4,11.7302,86
164746,-419.34,11.8524,86
164838,-420,5.9873,86
164931,-420.53,11.8524,86
165024,-420.12,7.9423,86
165116,-420.55,6.7204,86
165210,-421.49,8.3089,86
165303,-420.65,6.3539,86
165395,-420.6,11.7302,86
165488,-421.42,9.2864,87
165581,-423.93,11.3636,87
165673,-428.66,9.042,87
165767,-430.41,12.219,87
165860,-429.38,10.9971,87
165952,-428.27,11.1193,87
166045,-428.89,8.0645,87
166138,-429.53,8.6755,87
166231,-429.66,9.5308,87
166324,-429.76,10.2639,87
166417,-428.94,9.4086,87
166509,-429.44,11.3636,87
166602,-429.91,9.4086,87
166695,-429.84,9.653,87
166788,-427.81,8.5533,87
166881,-428.58,8.5533,87
166974,-429.33,10.1417,87
167067,-429.81,10.7527,87
167159,-429.15,11.2414,87
167252,-429.38,9.1642,87
167346,-430.07,10.5083,87
167438,-429.87,10.0195,87
167531,-430.94,9.2864,88
167624,-435.48,9.7752,88
167716,-439.2,11.9746,88
167810,-439.94,11.9746,88
167903,-439.8,7.087,88
167995,-440.2,9.042,88
168088,-439.87,9.4086,88
168181,-439.48,12.219,88
168273,-440.16,11.9746,88
168367,-440.1,10.7527,88
168460,-439.52,10.9971,88
168552,-439.85,12.219,88
168645,-439.51,10.0195,88
168738,-439.98,12.8299,88
168830,-439.72,12.8299,88
168924,-439.47,10.7527,88
169017,-438.58,9.2864,88
169109,-437.63,11.9746,88
169202,-437.88,6.8426,88
169295,-437.92,8.6755,88
169388,-438.4,11.1193,88
169481,-439.48,6.9648,88
169574,-440.96,8.1867,89
169666,-446.64,11.4858,89
169759,-448.53,11.8524,89
169852,-447.3,10.9971,89
169945,-447.6,11.7302,89
170038,-447.86,10.1417,89
170131,-448.16,10.7527,89
170223,-447.82,9.2864,89
170316,-446.69,10.2639,89
170409,-447.39,9.5308,89
170502,-448.66,9.1642,89
170595,-448.49,11.4858,89
170688,-448.87,12.3412,89
170780,-450.02,12.219,89
170873,-450.94,9.7752,89
170967,-448.72,12.7077,89
171059,-447.64,12.219,89
171152,-448.23,9.1642,89
171245,-449.22,12.0968,89
171337,-447.98,12.4633,89
171430,-447.79,10.8749,89
171524,-448.51,10.6305,90
171616,-453.16,11.2414,90
171709,-455.83,12.5855,90
171802,-456.07,7.9423,90
171894,-456.01,11.8524,90
171987,-454.85,9.8974,90
172081,-454.67,13.0743,90
172173,-456.02,8.5533,90
172266,-457.4,12.7077,90
172359,-457.32,9.042,90
172451,-457.56,11.2414,90
172545,-458.34,9.5308,90
172638,-457.96,13.3187,90
172730,-456.53,10.2639,90
172823,-456.1,7.9423,90
172916,-456.99,10.7527,90
173008,-457.96,12.8299,90
173102,-458.36,12.9521,90
173195,-457.63,10.5083,90
173287,-457.32,13.4409,90
173380,-457.38,9.653,90
173473,-457.18,12.3412,90
173565,-458.89,13.4409,91
173659,-464.38,13.1965,91
173752,-466.32,12.8299,91
173844,-465.79,8.9198,91
173937,-464.85,11.4858,91
174030,-464.21,10.3861,91
174123,-464.82,9.8974,91
174216,-466.27,10.0195,91
174309,-466.81,12.9521,91
174401,-466.68,10.3861,91
174494,-466.38,11.9746,91
174587,-466.62,9.653,91
174680,-466.55,9.4086,91
174773,-465.72,11.1193,91
174866,-466.62,12.9521,91
174958,-468.46,12.3412,91
175051,-466.6,12.7077,91
175144,-465.98,9.653,91
175237,-467.38,9.4086,91
175330,-466.28,10.2639,91
175423,-467.01,12.8299,91
175515,-467.09,10.0195,92
175608,-471.03,10.7527,92
175702,-474.89,12.9521,92
175794,-474.45,14.174,92
175887,-474.8,11.3636,92
175980,-474.4,8.7977,92
176072,-475.12,12.7077,92
176165,-475.48,10.8749,92
176259,-473.52,13.3187,92
176351,-474.02,11.7302,92
176444,-473.95,10.9971,92
176537,-473.27,14.0518,92
176629,-473.81,13.3187,92
176722,-473.09,12.9521,92
176816,-472.62,10.8749,92
176908,-472.15,13.0743,92
177001,-472.93,13.0743,92
177094,-474.7,13.3187,92
177186,-475.51,12.5855,92
177280,-474.93,10.2639,92
177373,-473.97,8.9198,92
177465,-474.83,10.7527,92
177558,-477.4,11.3636,93
177651,-480.81,10.2639,93
177743,-482.84,11.2414,93
177837,-484.61,12.0968,93
177930,-483.98,12.7077,93
178022,-483.97,11.608,93
178115,-484.58,10.3861,93
178208,-482,9.7752,93
178300,-481.52,9.1642,93
178394,-482.5,9.8974,93
178487,-483.02,14.174,93
178579,-482.02,12.0968,93
178672,-481.86,11.4858,93
178765,-482.33,12.5855,93
178857,-481.69,10.8749,93
178951,-481.6,11.9746,93
179044,-481.99,13.3187,93
179136,-481.96,13.6852,93
179229,-480.15,10.8749,93
179322,-481.21,12.3412,93
179415,-481.79,10.9971,93
179508,-481.72,13.1965,94
179601,-484.73,12.3412,94
179693,-489.54,9.4086,94
179786,-489.48,11.7302,94
179878,-488.07,11.608,94
179972,-489.65,14.4184,94
180065,-489.07,12.9521,94
180157,-489.08,13.0743,94
180250,-489.85,10.8749,94
180343,-489.44,11.7302,94
180435,-489.1,10.9971,94
180529,-490.4,12.3412,94
180622,-491.64,12.3412,94
180714,-491.09,12.0968,94
180807,-490.84,12.3412,94
180900,-492.24,12.8299,94
180993,-490.2,12.7077,94
181086,-489.39,13.1965,94
181179,-489.49,10.2639,94
181271,-490.2,13.563,94
181364,-490.25,10.3861,94
181457,-491.47,14.4184,94
181550,-494.37,10.7527,95
181643,-499.55,13.3187,95
181736,-501.74,13.3187,95
181828,-502.12,10.7527,95
181921,-500.82,13.0743,95
182013,-500.46,13.0743,95
182107,-501.59,11.608,95
182200,-502.27,12.8299,95
182292,-501.37,14.5406,95
182385,-500.35,14.0518,95
182478,-500.11,12.5855,95
182571,-500.93,12.219,95
182664,-501.21,13.9296,95
182757,-502.05,15.3959,95
182849,-500.82,13.8074,95
182942,-501.93,14.9071,95
183035,-502.62,13.8074,95
183128,-501.62,13.9296,95
183221,-499.54,10.8749,95
183314,-501.24,14.9071,95
183406,-501.44,10.9971,95
183499,-500.73,13.3187,96
183592,-503.73,13.9296,96
183685,-506.96,10.6305,96
183778,-507.85,10.7527,96
183871,-509.05,12.7077,96
183963,-508.85,9.5308,96
184056,-508.95,13.8074,96
184150,-507.69,11.608,96
184242,-506.89,10.6305,96
184335,-507.07,11.2414,96
184428,-506.29,11.3636,96
184520,-506.65,13.6852,96
184613,-507.03,14.5406,96
184707,-507.52,12.0968,96
184799,-506.78,12.4633,96
184892,-506.33,10.3861,96
184985,-506.8,12.9521,96
185077,-507.53,13.9296,96
185170,-507.82,11.3636,96
185264,-508.74,12.0968,96
185356,-508.57,13.563,96
185449,-509.28,10.9971,96
185542,-510.71,11.8524,97
185634,-515.03,11.608,97
185728,-515.86,11.8524,97
185821,-514.33,15.6403,97
185913,-515.2,14.7849,97
186006,-515.51,11.608,97
186099,-514,12.8299,97
186191,-516.43,11.9746,97
186285,-517.76,12.219,97
186378,-516.93,13.9296,97
186470,-517.4,12.3412,97
186563,-516.84,11.4858,97
186656,-515.51,14.7849,97
186748,-514.17,14.174,97
186842,-515.04,13.0743,97
186935,-517.06,13.3187,97
187027,-516.26,14.9071,97
187120,-517.4,14.4184,97
187213,-517.24,12.0968,97
187305,-516.12,13.6852,97
187399,-516.59,12.5855,97
187492,-515.63,12.7077,98
187584,-518.67,15.1515,98
187677,-522.55,15.0293,98
187770,-524.58,14.174,98
187863,-525.52,11.7302,98
187956,-525.4,15.6403,98
188049,-524.31,14.6628,98
188141,-524.19,12.4633,98
188234,-524.27,13.3187,98
188327,-525.47,15.0293,98
188420,-525.02,14.0518,98
188513,-525.03,14.5406,98
188606,-526.38,12.0968,98
188698,-527.01,12.7077,98
188791,-526.46,15.0293,98
188884,-525.34,12.9521,98
188977,-524.06,13.563,98
189070,-524.62,12.4633,98
189163,-526.36,10.8749,98
189255,-526.84,14.9071,98
189348,-527.2,13.8074,98
189442,-526.19,14.4184,98
189534,-526.07,11.7302,99
189627,-531.9,11.1193,99
189720,-535.07,11.608,99
189812,-534.86,13.4409,99
189905,-534.13,11.1193,99
189999,-532.48,12.8299,99
190091,-533.98,12.4633,99
190184,-535.68,14.5406,99
190277,-536.18,15.5181,99
190369,-534.3,15.0293,99
190462,-533.99,12.9521,99
190556,-534.05,15.6403,99
190648,-534.52,10.9971,99
190741,-535.18,11.4858,99
190834,-534.79,15.0293,99
190926,-534.71,12.0968,99
191020,-535.07,12.219,99
191113,-533.68,14.174,99
191205,-532.06,13.6852,99
191298,-533.34,15.6403,99
191391,-534.48,15.1515,99
191483,-534.13,11.8524,100
191577,-536.53,14.0518,100
191670,-540.6,13.1965,100
191763,-541.66,15.5181,100
191855,-543.39,13.1965,100
191948,-543.34,15.7625,100
192041,-542.44,15.2737,100
192134,-542.12,12.3412,100
192227,-542.34,11.608,100
192320,-543.54,13.0743,100
192412,-543.13,15.3959,100
192505,-543.53,12.0968,100
192599,-544.1,13.3187,100
192691,-542.87,15.5181,100
192784,-543.69,13.1965,100
192877,-545.23,12.9521,100
192969,-543.22,16.0068,100
193062,-542.53,12.8299,100
193156,-543.13,12.4633,100
193248,-543.15,15.7625,100
193341,-542.24,13.8074,100
193434,-539.36,13.0743,100
193526,-539.19,15.1515,99
193619,-537.44,15.3959,99
193713,-533.02,12.5855,99
193805,-531.71,14.4184,99
193898,-532.66,15.3959,99
193991,-533.24,13.4409,99
194083,-533.02,12.3412,99
194177,-532.33,13.0743,99
194269,-533.66,12.3412,99
194362,-535.3,11.7302,99
194455,-534.82,14.5406,99
194547,-534.7,12.5855,99
194640,-532.9,14.0518,99
194734,-533.17,12.219,99
194826,-533.42,12.5855,99
194919,-532.6,15.5181,99
195012,-531.71,12.3412,99
195104,-533.46,14.9071,99
195197,-534.36,12.8299,99
195291,-533.6,15.5181,99
195383,-533.47,14.5406,99
195476,-533.31,14.6628,98
195569,-530.92,12.219,98
195661,-524.97,11.608,98
195755,-524.34,11.3636,98
195848,-524.94,13.1965,98
195940,-525.62,12.4633,98
196033,-525.08,12.4633,98
196126,-524.9,14.6628,98
196218,-525.35,10.9971,98
196312,-525.33,10.3861,98
196405,-524.66,12.5855,98
196497,-524.11,13.3187,98
196590,-524.1,15.0293,98
196683,-524.64,14.174,98
196775,-524.65,13.3187,98
196869,-525.67,14.2962,98
196962,-524.78,12.3412,98
197054,-523.23,11.9746,98
197147,-525.21,11.9746,98
197240,-526.1,15.3959,98
197332,-524.73,13.563,98
197426,-525.01,14.4184,98
197519,-522.54,13.563,97
197611,-518.91,14.5406,97
197704,-515.59,10.2639,97
197797,-515.99,14.9071,97
197890,-516.02,13.4409,97
197983,-515.08,12.4633,97
198076,-514.66,10.9971,97
198168,-513.98,14.4184,97
198261,-514.33,11.8524,97
198354,-515.69,13.9296,97
198447,-515.11,13.8074,97
198540,-515.03,14.174,97
198633,-514.98,13.1965,97
198725,-515.77,14.6628,97
198818,-515.23,13.6852,97
198912,-514.35,10.5083,97
199004,-514.82,10.6305,97
199097,-514.79,11.8524,97
199190,-515.77,11.1193,97
199282,-514.88,14.4184,97
199375,-514.6,14.9071,97
199469,-514.39,11.608,96
199561,-512.57,14.4184,96
199654,-507.34,11.608,96
199747,-505.92,10.6305,96
199839,-505.56,12.9521,96
199932,-506.13,10.6305,96
200026,-505.68,14.4184,96
200118,-504.82,14.5406,96
200211,-506.42,14.7849,96
200304,-506.69,11.1193,96
200396,-504.65,13.9296,96
200489,-505.18,12.7077,96
200582,-505.8,13.563,96
200675,-505.24,12.4633,96
200768,-504.88,11.608,96
200860,-506.3,13.563,96
200953,-508.49,11.4858,96
201047,-506.55,11.2414,96
201139,-506.54,12.219,96
201232,-506.57,11.2414,96
201325,-507.4,12.8299,96
201417,-508.33,13.6852,96
201510,-507.67,12.0968,95
201604,-502.89,11.2414,95
201696,-497.38,11.3636,95
201789,-497.22,12.3412,95
201882,-498.47,14.0518,95
201974,-498.7,10.1417,95
202067,-498.7,11.4858,95
202161,-500.19,14.0518,95
202253,-498.74,14.0518,95
202346,-499.23,14.0518,95
202439,-498.36,12.4633,95
202531,-497.97,12.4633,95
202625,-499.06,14.6628,95
202718,-500.53,13.4409,95
202810,-499.9,14.5406,95
202903,-499.78,12.7077,95
202996,-499.41,11.3636,95
203088,-497.58,11.9746,95
203182,-498.25,10.9971,95
203275,-498.79,11.1193,95
203367,-499.6,13.8074,95
203460,-499.08,14.0518,94
203553,-495,12.9521,94
203645,-488.02,8.6755,94
203739,-486.72,12.9521,94
203832,-487.21,10.9971,94
203924,-488.03,10.5083,94
204017,-487.96,14.4184,94
204110,-489.08,10.8749,94
204203,-490.07,13.9296,94
204296,-489.09,10.3861,94
204389,-486.05,11.7302,94
204481,-485.96,12.9521,94
204574,-487.45,10.2639,94
204667,-486.9,13.4409,94
204760,-486.87,10.0195,94
204853,-488.24,8.3089,94
204946,-488.07,9.2864,94
205038,-489.7,12.5855,94
205131,-490.01,14.174,94
205224,-489.45,9.042,94
205317,-489.19,10.6305,94
205410,-488.79,13.9296,94
205503,-487.07,13.0743,93
205595,-482.68,11.3636,93
205688,-478.69,10.3861,93
205782,-478.24,11.3636,93
205874,-479.49,10.0195,93
205967,-479.39,10.3861,93
206060,-479,12.7077,93
206152,-480.02,11.8524,93
206245,-480.36,12.0968,93
206339,-479.85,10.8749,93
206431,-479.16,13.9296,93
206524,-480.22,11.1193,93
206617,-479.52,10.3861,93
206709,-481.71,10.3861,93
206802,-481.73,11.1193,93
206896,-481.24,13.0743,93
206988,-481.56,12.219,93
207081,-480.8,10.1417,93
207174,-482.39,11.3636,93
207266,-482.56,9.1642,93
207360,-482.4,14.4184,93
207453,-481.98,11.4858,93
207545,-481.02,13.4409,92
207638,-474.47,12.9521,92
207731,-473.84,11.8524,92
207823,-475.11,9.653,92
207917,-474.29,9.7752,92
208010,-473.73,9.1642,92
208102,-473.92,9.2864,92
208195,-473.38,10.8749,92
208288,-472.34,10.7527,92
208380,-473.08,13.1965,92
208474,-473.56,9.4086,92
208567,-473.74,10.9971,92
208659,-474.11,10.1417,92
208752,-474.38,10.2639,92
208845,-474.47,10.9971,92
208937,-473.45,11.2414,92
209031,-472.27,10.5083,92
209124,-473.82,13.8074,92
209216,-474.77,11.8524,92
209309,-474.47,12.8299,92
209402,-475.75,13.4409,92
209495,-475.38,13.1965,91
209588,-470.14,10.0195,91
209681,-465.17,10.9971,91
209773,-463.69,13.1965,91
209866,-463.22,9.1642,91
209959,-465.18,11.9746,91
210052,-463.84,7.9423,91
210145,-462.41,13.0743,91
210237,-464.67,9.1642,91
210330,-465.81,9.8974,91
210423,-465.04,10.8749,91
210515,-465.06,12.4633,91
210609,-465.67,10.3861,91
210702,-465.28,10.0195,91
210794,-465.66,11.3636,91
210887,-465.28,10.7527,91
210980,-465.62,11.9746,91
211073,-465.65,10.3861,91
211166,-465.01,7.9423,91
211259,-464.27,11.4858,91
211351,-464.07,8.9198,91
211444,-464.45,10.1417,91
211537,-462.94,10.3861,90
211630,-458.87,12.0968,90
211723,-456.24,11.4858,90
211816,-457.36,9.4086,90
211908,-457.58,9.7752,90
212001,-456.91,8.5533,90
212094,-457.53,11.2414,90
212187,-455.81,8.7977,90
212280,-455.91,10.9971,90
212373,-456.27,12.7077,90
212465,-455.1,12.219,90
212558,-455.62,10.9971,90
212652,-457.08,10.7527,90
212744,-457.61,10.2639,90
212837,-457.31,9.2864,90
212930,-457.89,12.4633,90
213022,-457.87,11.9746,90
213115,-458.44,10.0195,90
213208,-458.18,11.3636,90
213301,-458.66,12.9521,90
213394,-457.68,11.1193,90
213486,-456.75,11.1193,89
213579,-453.78,9.8974,89
213672,-448.91,9.1642,89
213765,-447.36,11.8524,89
213858,-448.6,10.0195,89
213951,-448.5,8.9198,89
214043,-448.9,12.0968,89
214136,-448.65,9.5308,89
214230,-447.47,13.1965,89
214322,-447.98,9.5308,89
214415,-448.87,12.0968,89
214508,-449.8,12.5855,89
214600,-450.07,11.8524,89
214693,-449.07,13.3187,89
214787,-448.97,10.7527,89
214879,-448.45,10.9971,89
214972,-449.64,10.1417,89
215065,-449.99,9.7752,89
215157,-449.42,10.7527,89
215250,-449.71,11.7302,89
215344,-449.62,12.3412,89
215436,-450.41,11.7302,89
215529,-449.32,9.4086,88
215622,-442.64,11.608,88
215714,-438.86,11.2414,88
215808,-438.9,10.9971,88
215901,-440.26,9.4086,88
215993,-438.6,7.9423,88
216086,-439.21,8.9198,88
216179,-439.18,10.8749,88
216271,-437.86,12.219,88
216365,-438,11.8524,88
216457,-438.96,13.3187,88
216550,-438.78,8.0645,88
216643,-438.66,11.4858,88
216735,-439.18,10.0195,88
216828,-439.77,7.8201,88
216922,-440.36,10.8749,88
217014,-440.27,8.0645,88
217107,-439.64,10.9971,88
217200,-440.15,12.0968,88
217292,-439.12,12.0968,88
217385,-438.79,9.7752,88
217479,-439.1,11.9746,87
217571,-437.36,8.1867,87
217664,-431.39,8.5533,87
217757,-429.86,10.3861,87
217849,-430.09,9.7752,87
217943,-431.17,9.7752,87
218036,-430.84,11.608,87
218128,-431.32,9.042,87
218221,-431.25,10.3861,87
218314,-430.45,11.3636,87
218406,-429.9,9.1642,87
218500,-429.36,9.4086,87
218593,-429.6,10.3861,87
218685,-430.24,12.3412,87
218778,-430.23,11.4858,87
218871,-430.03,10.2639,87
218963,-431.01,9.042,87
219057,-431.64,11.3636,87
219150,-431.2,7.4536,87
219242,-429.87,9.7752,87
219335,-429.6,9.8974,87
219428,-429.14,7.2092,87
219521,-429.12,11.9746,86
219614,-425.11,7.3314,86
219707,-422.96,10.1417,86
219799,-423.58,10.8749,86
219892,-421.77,10.1417,86
219984,-421.61,8.0645,86
220078,-422.17,8.5533,86
220171,-422.7,10.6305,86
220263,-423.01,11.1193,86
220356,-422.02,11.3636,86
220449,-422.93,11.3636,86
220541,-422.39,10.6305,86
220635,-422.27,9.5308,86
220728,-422.93,11.8524,86
220820,-422.35,11.2414,86
220913,-422.38,10.7527,86
221006,-423.19,11.1193,86
221099,-421.72,11.1193,86
221192,-420.96,10.9971,86
221285,-420.86,11.8524,86
221377,-421.84,11.2414,86
221470,-422.09,7.8201,85
221563,-420.23,11.608,85
221656,-415.9,11.3636,85
221749,-413.46,10.8749,85
221842,-412.89,9.042,85
221934,-412.82,11.3636,85
222027,-414.36,9.1642,85
222120,-414.54,8.6755,85
222213,-414.97,9.653,85
222306,-414.59,8.7977,85
222399,-413.79,6.1095,85
222491,-413.81,7.6979,85
222584,-413.85,11.608,85
222678,-414.08,10.7527,85
222770,-413.81,7.6979,85
222863,-414.23,11.3636,85
222956,-414.18,9.7752,85
223048,-413.7,8.3089,85
223141,-414.74,10.3861,85
223235,-414.03,9.653,85
223327,-413.13,7.2092,85
223420,-412.88,5.7429,85
223513,-411.45,7.3314,84
223605,-408.21,10.3861,84
223698,-406.13,8.4311,84
223792,-404.98,7.5758,84
223884,-405.83,8.6755,84
223977,-406.96,10.3861,84
224069,-406.47,9.5308,84
224162,-405.28,11.4858,84
224256,-404.89,9.2864,84
224348,-404.92,9.042,84
224441,-404.93,8.9198,84
224534,-405.37,10.1417,84
224626,-405.46,11.2414,84
224719,-406.07,11.608,84
224813,-406.01,9.653,84
224905,-405.82,8.0645,84
224998,-405.33,8.3089,84
225091,-404.9,9.4086,84
225183,-404.94,8.5533,84
225276,-404.67,11.2414,84
225370,-404.8,6.5982,84
225462,-405.32,7.3314,83
225555,-403.17,7.087,83
225648,-398.21,7.5758,83
225740,-397.55,7.6979,83
225833,-398.2,5.9873,83
225927,-398.6,5.132,83
226019,-398.5,6.2317,83
226112,-397.93,8.7977,83
226205,-399.42,8.1867,83
226297,-399.26,10.6305,83
226391,-397.91,8.0645,83
226484,-398.2,6.7204,83
226576,-398.78,8.6755,83
226669,-399.91,7.4536,83
226762,-398.51,10.0195,83
226854,-397.59,10.8749,83
226948,-398.68,7.3314,83
227041,-397.9,6.2317,83
227133,-397.91,10.0195,83
227226,-397.95,7.087,83
227319,-398.47,7.4536,83
227411,-398.11,7.3314,83
227505,-397.07,8.0645,82
227597,-393.27,7.087,82
227690,-391.75,10.2639,82
227783,-391.3,7.9423,82
227875,-390.48,7.5758,82
227969,-389.66,8.1867,82
228062,-388.89,7.4536,82
228154,-388.97,5.4985,82
228247,-389.98,10.7527,82
228340,-390.1,5.132,82
228432,-388.96,7.6979,82
228526,-389.7,7.9423,82
228619,-389.78,7.9423,82
228711,-390.74,10.8749,82
228804,-390.19,9.1642,82
228897,-389.85,10.3861,82
228989,-390.22,8.9198,82
229083,-389.72,8.4311,82
229176,-390.8,6.9648,82
229268,-390.47,11.7302,82
229361,-390.66,6.3539,82
229454,-389.8,9.653,81
229547,-386.56,7.9423,81
229640,-383.24,10.3861,81
229733,-383.13,8.3089,81
229825,-383.93,10.1417,81
229918,-383.22,7.6979,81
230011,-382.89,4.8876,81
230104,-382.44,4.2766,81
230197,-381.57,10.7527,81
230290,-381.93,8.7977,81
230382,-382.24,9.653,81
230475,-381.24,10.7527,81
230568,-381.47,8.7977,81
230661,-382.85,9.042,81
230754,-382.67,8.1867,81
230847,-382.61,8.0645,81
230939,-383.29,8.0645,81
231032,-383.28,6.9648,81
231126,-382.78,10.9971,81
231218,-382.74,9.8974,81
231311,-383.74,7.4536,81
231404,-384.12,9.2864,81
231496,-382.87,4.6432,80
231589,-378.92,9.5308,80
231683,-374.94,4.521,80
231775,-374.64,10.1417,80
231868,-374.86,6.4761,80
231961,-375.21,4.7654,80
232053,-375.84,8.4311,80
232146,-374.85,8.1867,80
232240,-374.45,7.2092,80
232332,-376.01,10.3861,80
232425,-376.71,6.9648,80
232518,-376.11,10.0195,80
232610,-375.63,9.042,80
232704,-375.83,10.6305,80
232797,-375.6,10.7527,80
232889,-375.7,10.6305,80
232982,-376.17,8.3089,80
233075,-374.69,9.653,80
233167,-374.72,6.8426,80
233261,-375.66,8.5533,80
233354,-376.25,7.2092,80
233446,-375.45,9.7752,80
233539,-372.92,7.9423,79
233632,-368.94,7.2092,79
233724,-368.32,9.653,79
233818,-367.27,7.6979,79
233911,-367.38,5.9873,79
234003,-366.59,7.9423,79
234096,-367.55,10.6305,79
234189,-367.34,7.9423,79
234281,-366.94,7.8201,79
234375,-367.2,7.8201,79
234468,-367.8,7.087,79
234560,-368.08,8.3089,79
234653,-367.78,6.4761,79
234746,-367.34,7.5758,79
234839,-367.3,4.521,79
234932,-366.8,9.4086,79
235025,-367.03,9.2864,79
235117,-367.8,6.8426,79
235210,-367.53,9.1642,79
235303,-367.97,7.2092,79
235396,-368.53,10.1417,79
235489,-367.9,7.5758,78
235582,-362.98,6.7204,78
235674,-360.14,7.2092,78
235767,-359.76,6.5982,78
235860,-358.77,3.7879,78
235953,-359.18,5.8651,78
236046,-359.51,3.4213,78
236139,-359.31,8.4311,78
236231,-360.48,6.3539,78
236324,-362.09,9.1642,78
236418,-361.77,9.5308,78
236510,-360.28,5.9873,78
236603,-361.37,6.9648,78
236696,-360.69,6.3539,78
236788,-359.8,4.1544,78
236881,-359.42,9.4086,78
236975,-359.24,9.1642,78
237067,-359.72,7.8201,78
237160,-359.68,10.2639,78
237253,-360.03,8.4311,78
237345,-360.33,5.132,78
237438,-359.22,7.087,78
237532,-356.95,6.5982,77
237624,-353.82,10.6305,77
237717,-353.88,4.0323,77
237810,-353.43,10.0195,77
237902,-353.45,9.042,77
237996,-353.85,7.3314,77
238089,-353.77,8.1867,77
238181,-352.54,9.653,77
238274,-353.31,9.4086,77
238367,-353.47,6.8426,77
238459,-353.67,6.7204,77
238553,-353.85,7.3314,77
238646,-353.92,7.2092,77
238738,-352.63,7.087,77
238831,-352.51,7.3314,77
238924,-353.12,9.7752,77
239016,-353.6,5.4985,77
239110,-353.4,3.9101,77
239203,-354.05,10.2639,77
239295,-354.04,8.7977,77
239388,-353.42,9.042,77
239481,-352.14,7.6979,76
239574,-347.65,6.5982,76
239667,-344.21,6.3539,76
239760,-344.47,9.042,76
239852,-343.19,7.6979,76
239945,-342.52,6.9648,76
240038,-344.19,7.6979,76
240131,-344.2,3.7879,76
240224,-344.5,7.3314,76
240317,-344.51,3.2991,76
240409,-344.8,10.3861,76
240502,-344.39,7.4536,76
240595,-344.67,7.3314,76
240688,-344.36,8.1867,76
240781,-343.23,5.2542,76
240874,-344.62,9.5308,76
240966,-344.46,5.7429,76
241059,-342.8,9.7752,76
241153,-344.36,9.4086,76
241245,-344.57,10.5083,76
241338,-343.98,9.5308,76
241431,-344.06,8.0645,76
241523,-341.97,7.8201,75
241616,-336.8,6.3539,75
241710,-336.11,8.0645,75
241802,-336.4,7.9423,75
241895,-336.09,7.3314,75
241988,-336.22,3.0547,75
242080,-337.38,3.7879,75
242173,-336.67,3.5435,75
242267,-336.72,8.0645,75
242359,-336.77,8.9198,75
242452,-337.01,7.9423,75
242545,-336.49,7.2092,75
242637,-336.9,7.9423,75
242731,-336.82,6.7204,75
242824,-336.79,9.7752,75
242916,-335.92,4.6432,75
243009,-335.96,9.5308,75
243102,-336.56,6.2317,75
243194,-335.89,5.132,75
243288,-335.18,7.6979,75
243381,-335.49,5.8651,75
243473,-335.6,7.6979,74
243566,-331.66,3.7879,74
243659,-329.08,7.9423,74
243751,-329.12,6.1095,74
243845,-328.34,5.9873,74
243937,-327.62,6.2317,74
244030,-328,5.8651,74
244123,-328.62,7.3314,74
244215,-329.81,9.653,74
244308,-330.37,6.2317,74
244402,-329.35,7.5758,74
244494,-328.64,7.8201,74
244587,-327.43,6.7204,74
244680,-328.74,7.5758,74
244772,-329.53,6.2317,74
244866,-328.57,7.5758,74
244959,-328.39,4.0323,74
245051,-329.35,9.042,74
245144,-328.95,5.8651,74
245237,-328.18,7.6979,74
245329,-328.27,5.9873,74
245423,-329.77,6.2317,74
245516,-327.82,7.4536,73
245608,-323.38,6.8426,73
245701,-321.68,8.6755,73
245794,-321.04,6.8426,73
245886,-321.02,7.4536,73
245980,-321.44,5.9873,73
246073,-320.38,8.7977,73
246165,-320.32,3.5435,73
246258,-321.02,7.5758,73
246351,-321.21,6.1095,73
246444,-321.22,6.9648,73
246537,-321.29,9.042,73
246630,-320.45,5.6207,73
246722,-320.46,8.0645,73
246815,-320.54,5.4985,73
246908,-320.51,3.7879,73
247001,-320.89,5.7429,73
247094,-320.32,5.132,73
247187,-319.75,6.9648,73
247279,-319.97,7.9423,73
247372,-320.11,2.9326,73
247465,-319.87,7.2092,72
247558,-316.14,1.8328,72
247651,-313.06,5.6207,72
247744,-312.4,5.9873,72
247836,-312.63,5.7429,72
247929,-312.43,7.2092,72
248023,-312.99,4.8876,72
248115,-312.82,5.8651,72
248208,-312.14,7.087,72
248301,-312.32,8.5533,72
248393,-312.94,7.087,72
248486,-313.84,6.5982,72
248580,-313.99,6.8426,72
248672,-313.6,6.4761,72
248765,-313.93,7.087,72
248858,-314.34,7.9423,72
248950,-314.26,5.132,72
249043,-314.06,6.9648,72
249137,-313.96,4.7654,72
249229,-314.07,7.5758,72
249322,-314.11,6.4761,72
249415,-313.54,7.5758,72
249507,-312.19,5.3763,71
249601,-307.99,6.5982,71
249694,-307.35,9.042,71
249786,-307.07,6.4761,71
249879,-306.67,2.0772,71
249972,-306.27,6.8426,71
250064,-306.3,6.9648,71
250158,-305.95,7.8201,71
250251,-306.51,8.5533,71
250343,-306.83,6.3539,71
250436,-306.69,4.7654,71
250529,-306.37,9.042,71
250621,-306.55,5.0098,71
250715,-306.63,9.653,71
250808,-306.7,9.1642,71
250900,-306.6,4.6432,71
250993,-306.42,5.6207,71
251086,-306.89,6.5982,71
251179,-306.44,6.2317,71
251272,-305.29,6.3539,71
251364,-305.7,7.6979,71
251457,-306.41,7.8201,70
251550,-303.83,2.6882,70
251642,-301.07,6.1095,70
251736,-300,8.9198,70
251829,-298.83,7.4536,70
251921,-298.52,2.0772,70
252014,-298.96,9.042,70
252107,-299.27,8.6755,70
252199,-299.58,4.3988,70
252293,-300.29,4.2766,70
252386,-299.46,5.2542,70
252478,-298.97,6.5982,70
252571,-300.08,5.6207,70
252664,-300.22,6.3539,70
252756,-299.48,5.0098,70
252850,-299.93,7.2092,70
252943,-300.13,6.2317,70
253035,-300.07,6.9648,70
253128,-299.17,6.2317,70
253221,-300.06,6.5982,70
253314,-299.67,3.5435,70
253407,-300.19,6.5982,70
253500,-299.3,5.9873,69
253592,-294.63,9.2864,69
253685,-291.48,7.6979,69
253778,-291.71,7.2092,69
253871,-292.02,5.8651,69
253964,-292.2,5.3763,69
254057,-292.59,6.5982,69
254149,-292.8,6.2317,69
254242,-293,1.955,69
254334,-292.59,4.3988,69
254428,-292.58,7.9423,69
254521,-292.33,6.9648,69
254613,-291.68,7.3314,69
254706,-291.32,5.8651,69
254799,-291.6,8.9198,69
254892,-291.56,7.2092,69
254985,-291.39,6.7204,69
255078,-291.42,6.1095,69
255171,-292.12,5.9873,69
255263,-291.81,8.6755,69
255356,-292.76,6.1095,69
255450,-292.3,5.2542,68
255542,-289.34,6.5982,68
255635,-286.13,7.087,68
255728,-285.27,3.5435,68
255820,-285.67,6.4761,68
255913,-285.5,5.9873,68
256007,-285,5.132,68
256099,-285.62,6.9648,68
256192,-285.07,4.3988,68
256285,-284.9,5.8651,68
256377,-285.43,8.4311,68
256471,-285.27,3.0547,68
256564,-285,5.4985,68
256656,-285.43,5.6207,68
256749,-286.11,7.4536,68
256841,-286.07,6.5982,68
256934,-285.82,5.4985,68
257028,-286.04,6.5982,68
257120,-286.88,3.7879,68
257213,-286.41,8.9198,68
257306,-285.65,6.2317,68
257398,-285.49,3.7879,68
257491,-285.02,6.4761,67
257585,-281.8,5.9873,67
257677,-280.11,2.4438,67
257770,-280.5,5.4985,67
257863,-280.1,5.132,67
257955,-280.9,5.2542,67
258049,-281.01,4.521,67
258142,-280.23,7.4536,67
258234,-280.4,5.2542,67
258327,-280.13,6.4761,67
258420,-280.64,6.8426,67
258512,-280.36,6.2317,67
258606,-280.09,7.2092,67
258699,-279.57,4.6432,67
258791,-279.67,5.8651,67
258884,-280.53,5.6207,67
258977,-280.55,6.3539,67
259069,-280.43,1.8328,67
259163,-280.27,3.1769,67
259256,-280.61,8.6755,67
259348,-280.02,9.1642,67
259441,-279.47,4.7654,66
259534,-277.91,5.132,66
259627,-274.99,5.7429,66
259720,-274.71,6.2317,66
259813,-274.54,5.4985,66
259905,-275,8.3089,66
259998,-275.14,5.4985,66
260091,-274.53,4.8876,66
260184,-274.28,8.1867,66
260277,-275.36,4.8876,66
260370,-275.41,3.0547,66
260462,-275.65,1.7107,66
260555,-276.04,2.3216,66
260648,-275.19,4.0323,66
260741,-274.85,5.4985,66
260834,-275.39,4.7654,66
260927,-274.55,5.9873,66
261019,-274.8,6.5982,66
261112,-275.14,6.1095,66
261206,-275.29,5.0098,66
261298,-275.62,2.566,66
261391,-275.53,6.2317,66
261484,-274.68,6.2317,65
261576,-271.99,4.6432,65
261669,-270.03,5.132,65
261763,-269.69,5.9873,65
261855,-270.14,5.7429,65
261948,-270.29,8.5533,65
262041,-269.37,6.9648,65
262133,-268.34,5.0098,65
262226,-268.81,4.521,65
262320,-269.39,3.7879,65
262412,-270.11,6.2317,65
262505,-269.87,4.2766,65
262598,-269.82,4.3988,65
262690,-269.29,8.1867,65
262784,-268.78,3.7879,65
262877,-268.85,5.2542,65
262969,-269.46,5.2542,65
263062,-269.57,5.0098,65
263155,-269.21,5.8651,65
263247,-269.39,5.3763,65
263341,-269.35,4.521,65
263434,-269.73,7.2092,64
263526,-267.84,3.6657,64
263619,-263.97,5.4985,64
263712,-262.77,5.4985,64
263804,-263.26,6.5982,64
263898,-263.78,1.955,64
263991,-263.28,6.1095,64
264083,-263.43,4.2766,64
264176,-263.75,6.1095,64
264269,-264.13,4.3988,64
264361,-263.53,3.5435,64
264455,-263.2,4.1544,64
264548,-263.48,2.8104,64
264640,-263.81,7.087,64
264733,-264.33,5.3763,64
264826,-263.77,2.0772,64
264919,-264.32,7.4536,64
265012,-264.87,4.1544,64
265105,-264.47,4.6432,64
265197,-263.4,2.1994,64
265290,-263.8,2.0772,64
265383,-264.17,5.9873,64
265476,-263.54,4.6432,63
265569,-260.44,8.4311,63
265662,-257.96,5.9873,63
265754,-257.63,5.132,63
265847,-257.6,4.6432,63
265940,-257.74,4.0323,63
266033,-258.2,4.8876,63
266126,-258.5,8.1867,63
266218,-257.28,5.4985,63
266311,-256.62,5.6207,63
266404,-257.67,4.0323,63
266498,-258.27,3.0547,63
266590,-257.56,3.9101,63
266683,-257.13,3.9101,63
266776,-257.61,3.0547,63
266868,-258.76,5.132,63
266961,-258.63,7.5758,63
267054,-257.53,4.8876,63
267147,-257.14,2.8104,63
267240,-256.87,7.4536,63
267332,-256.58,6.2317,63
267425,-256.75,5.6207,62
267518,-255.66,5.132,62
267611,-251.55,2.3216,62
267704,-250.46,3.9101,62
267797,-250.58,3.6657,62
267889,-251.02,2.566,62
267982,-251.33,3.4213,62
268076,-251.7,4.1544,62
268168,-251.61,2.6882,62
268261,-252.27,6.1095,62
268354,-251.52,5.3763,62
268446,-251.12,4.3988,62
268539,-250.66,3.6657,62
268633,-250.93,6.3539,62
268725,-252.06,7.3314,62
268818,-251.8,7.6979,62
268911,-250.95,2.3216,62
269003,-250.38,5.8651,62
269096,-249.99,4.521,62
269190,-249.91,5.3763,62
269282,-250.3,7.5758,62
269375,-250.63,3.2991,62
269468,-250.26,4.3988,61
269560,-247.41,5.6207,61
269654,-244.59,4.7654,61
269747,-244,6.5982,61
269839,-244.38,7.3314,61
269932,-243.26,6.7204,61
270025,-242.53,5.3763,61
270117,-242.98,2.4438,61
270211,-243.49,6.1095,61
270304,-242.97,5.2542,61
270396,-243.12,3.5435,61
270489,-242.71,3.7879,61
270582,-243.2,6.5982,61
270674,-243.94,5.8651,61
270768,-244.3,4.3988,61
270861,-243.51,7.2092,61
270953,-243.41,4.1544,61
271046,-242.9,3.1769,61
271139,-242.87,4.8876,61
271232,-243.32,6.9648,61
271325,-243.42,2.6882,61
271418,-243.05,5.3763,61
271510,-240.4,7.8201,60
271603,-236.84,2.1994,60
271696,-234.88,3.0547,60
271789,-234.07,6.4761,60
271882,-233.73,5.3763,60
271975,-233.79,3.6657,60
272067,-234.34,6.9648,60
272160,-233.81,4.1544,60
272253,-234.22,3.7879,60
272346,-234.37,4.1544,60
272439,-234.04,7.4536,60
272532,-234.72,2.566,60
272624,-235.47,5.9873,60
272717,-234.92,5.9873,60
272811,-234.84,4.3988,60
272903,-235.9,2.9326,60
272996,-235.35,2.1994,60
273089,-234.9,7.5758,60
273181,-235.62,8.1867,60
273274,-235.67,6.2317,60
273368,-235.41,1.5885,60
273460,-235.09,4.2766,59
273553,-231.72,2.1994,59
273646,-229.11,7.3314,59
273738,-229.11,2.3216,59
273831,-228.66,4.6432,59
273925,-227.72,4.8876,59
274017,-228.25,5.4985,59
274110,-228.68,7.6979,59
274203,-227.99,4.6432,59
274295,-227.83,5.6207,59
274388,-228.44,4.0323,59
274482,-228.37,4.521,59
274574,-228.85,6.3539,59
274667,-228.33,4.3988,59
274760,-228.6,6.9648,59
274852,-229.2,5.132,59
274946,-228.07,8.1867,59
275039,-228.32,3.7879,59
275131,-228.35,2.566,59
275224,-228.45,3.5435,59
275317,-228.6,5.2542,59
275409,-229.18,5.132,59
275503,-227.13,3.2991,58
275596,-221.86,6.2317,58
275688,-219.73,1.2219,58
275781,-220.34,3.0547,58
275874,-220.27,2.8104,58
275966,-219.45,3.2991,58
276060,-220.31,5.4985,58
276153,-219.56,2.566,58
276245,-220.14,2.9326,58
276338,-220.3,1.7107,58
276431,-220.02,6.3539,58
276524,-219.92,2.9326,58
276617,-219.78,5.6207,58
276710,-219.05,6.3539,58
276802,-219.26,2.8104,58
276895,-218.76,3.5435,58
276988,-218.21,4.521,58
277081,-218.74,2.8104,58
277174,-218.61,3.6657,58
277267,-219.01,3.1769,58
277359,-220.48,4.1544,58
277452,-220.33,3.4213,57
277545,-216.63,4.1544,57
277638,-212.8,3.2991,57
277731,-212.02,3.1769,57
277824,-211.63,1.8328,57
277916,-212.52,3.5435,57
278009,-213.66,5.3763,57
278103,-213.49,1.5885,57
278195,-213.05,5.0098,57
278288,-213.23,3.9101,57
278381,-212.88,3.5435,57
278473,-212.48,4.7654,57
278566,-211.99,2.8104,57
278660,-211.34,5.4985,57
278752,-211.76,2.6882,57
278845,-211.56,2.4438,57
278937,-210.56,4.1544,57
279030,-210.79,4.0323,57
279123,-210.17,6.9648,57
279216,-210.56,3.7879,57
279309,-210.72,3.9101,57
279402,-209.82,7.2092,57
279494,-208.3,4.2766,56
279587,-205.03,2.1994,56
279681,-204.52,6.9648,56
279773,-204.65,1.7107,56
279866,-203.76,2.566,56
279959,-204.43,3.0547,56
280051,-205.6,1.8328,56
280144,-206.4,2.3216,56
280238,-205.51,1.5885,56
280330,-205.47,5.7429,56
280423,-205.89,3.4213,56
280516,-205.33,3.7879,56
280608,-205.24,3.6657,56
280701,-205.69,3.6657,56
280795,-205.51,3.5435,56
280887,-205.34,4.521,56
280980,-205.69,3.1769,56
281073,-205.72,2.0772,56
281165,-205.31,2.4438,56
281259,-205.19,5.9873,56
281352,-205.21,3.7879,56
281444,-204.66,1.7107,55
281537,-202.25,2.8104,55
281630,-198.67,1.7107,55
281722,-198.23,2.0772,55
281816,-198.75,3.7879,55
281909,-199.25,3.2991,55
282001,-199.26,1.5885,55
282094,-199.7,4.2766,55
282187,-199.46,3.9101,55
282279,-199.13,4.0323,55
282373,-198.73,3.9101,55
282466,-199.31,3.7879,55
282558,-199.64,6.9648,55
282651,-200.21,3.4213,55
282744,-199.8,1.8328,55
282836,-198.96,1.3441,55
282930,-199.57,3.4213,55
283023,-199.72,2.4438,55
283115,-199.68,3.0547,55
283208,-199.33,5.7429,55
283301,-199.31,2.1994,55
283394,-199.93,3.7879,55
283487,-198.01,3.1769,54
283579,-193.88,2.6882,54
283672,-193.47,5.4985,54
283765,-193.91,0.8553,54
283858,-193.56,3.0547,54
283951,-193.79,3.5435,54
284044,-194.34,5.7429,54
284137,-195.19,3.7879,54
284229,-194.68,2.6882,54
284322,-193.51,5.132,54
284416,-193.3,2.566,54
284508,-193.93,4.2766,54
284601,-193.52,6.2317,54
284694,-192.9,6.8426,54
284786,-192.53,3.4213,54
284879,-192.98,2.0772,54
284972,-192.24,2.8104,54
285065,-191.48,1.8328,54
285158,-191.93,7.087,54
285250,-192.82,1.8328,54
285343,-192.11,6.3539,54
285436,-192.06,3.0547,53
285529,-189.21,3.6657,53
285622,-186.94,3.2991,53
285715,-186.93,5.0098,53
285807,-186.2,3.6657,53
285900,-185.99,1.955,53
285993,-186.16,2.1994,53
286086,-185.19,3.2991,53
286179,-185.89,5.7429,53
286272,-185.74,1.0997,53
286364,-184.96,2.4438,53
286457,-185.02,4.0323,53
286551,-184.67,1.4663,53
286643,-184.93,2.6882,53
286736,-184.26,5.6207,53
286829,-183.89,3.5435,53
286921,-184,2.4438,53
287014,-184.63,4.7654,53
287108,-183.81,3.0547,53
287200,-183.9,4.3988,53
287293,-185.04,1.8328,53
287386,-184.2,4.1544,53
287478,-183.45,0.4888,52
287571,-180,3.0547,52
287665,-178.17,4.1544,52
287757,-178.98,2.6882,52
287850,-179.65,5.132,52
287943,-178.79,6.1095,52
288035,-177.65,3.2991,52
288129,-177.93,0.8553,52
288222,-177.9,4.2766,52
288314,-179.58,5.0098,52
288407,-179.47,3.0547,52
288500,-179.45,3.5435,52
288592,-179.13,4.3988,52
288686,-178.24,4.7654,52
288779,-178.33,1.0997,52
288871,-178.88,5.4985,52
288964,-179.46,3.2991,52
289057,-178.97,5.6207,52
289149,-179.24,2.6882,52
289243,-179.13,4.0323,52
289336,-178.8,6.3539,52
289428,-179.01,1.955,51
289521,-177.37,1.8328,51
289614,-174.23,4.3988,51
289707,-172.73,2.6882,51
289800,-173.66,6.3539,51
289893,-174.1,3.9101,51
289985,-173.71,1.7107,51
290078,-172.94,4.1544,51
290171,-172.95,3.5435,51
290264,-172.7,3.2991,51
290357,-173.33,3.2991,51
290450,-173.01,5.2542,51
290542,-172.43,6.1095,51
290635,-173.17,8.0645,51
290728,-173.55,3.9101,51
290821,-173.82,2.8104,51
290914,-173.7,2.0772,51
291007,-173.58,4.0323,51
291099,-174.35,0.8553,51
291192,-173.95,3.5435,51
291286,-173.31,4.0323,51
291378,-173.14,0.9775,51
291471,-172.54,2.3216,50
291564,-169.18,3.0547,50
291656,-167.13,5.132,50
291749,-167.53,4.1544,50
291843,-166.43,4.6432,50
291935,-164.82,2.4438,50
292028,-165.34,1.955,50
292121,-166.3,0,50
292213,-165.24,0.3666,50
292306,-165.36,5.9873,50
292400,-166.45,2.6882,50
292492,-166.34,2.8104,50
292585,-166.43,4.0323,50
292677,-166.92,1.7107,50
292770,-166.65,3.1769,50
292864,-166.98,5.8651,50
292956,-167.77,1.8328,50
293049,-167.71,4.521,50
293142,-168.02,3.0547,50
293234,-167.48,2.8104,50
293327,-167.53,1.7107,50
293421,-167.28,3.6657,49
293513,-164.96,0.9775,49
293606,-161.62,4.8876,49
293699,-160.7,1.5885,49
293791,-161.07,4.521,49
293884,-161.23,5.8651,49
293978,-161.56,1.7107,49
294070,-161.96,4.521,49
294163,-161.95,4.0323,49
294256,-161.85,3.4213,49
294348,-162.17,3.9101,49
294441,-162.37,4.7654,49
294535,-161.8,4.2766,49
294627,-162.19,1.0997,49
294720,-163.33,2.6882,49
294813,-162.79,3.0547,49
294905,-162.25,0,49
294999,-162.6,1.7107,49
295092,-162.85,4.0323,49
295184,-162.78,2.8104,49
295277,-163,2.0772,49
295370,-163.31,5.6207,49
295462,-162.07,3.1769,48
295556,-158.15,3.0547,48
295649,-156.28,2.9326,48
295741,-156.53,0.7331,48
295834,-156.61,2.9326,48
295927,-156.81,2.0772,48
296019,-156.97,1.955,48
296113,-155.64,4.6432,48
296206,-155.07,1.3441,48
296298,-156.41,0.7331,48
296391,-156.31,0.7331,48
296484,-156.33,2.8104,48
296577,-156,2.9326,48
296670,-155.51,5.3763,48
296763,-155.32,1.2219,48
296855,-156.28,2.0772,48
296948,-157.32,3.9101,48
297041,-157.45,3.7879,48
297134,-157.35,3.7879,48
297227,-158.66,5.0098,48
297320,-159.22,5.7429,48
297412,-157.8,0.4888,47
297505,-155.27,1.8328,47
297598,-151.41,2.3216,47
297691,-150.24,0.6109,47
297784,-150.37,0.3666,47
297877,-149.99,5.3763,47
297969,-149.28,4.0323,47
298062,-149.25,0.4888,47
298156,-150,2.566,47
298248,-149.67,2.8104,47
298341,-150.46,1.8328,47
298434,-150.54,1.4663,47
298526,-150.19,0.8553,47
298619,-150.89,3.4213,47
298713,-150.91,4.1544,47
298805,-150.43,1.955,47
298898,-150.11,1.7107,47
298991,-150.11,2.3216,47
299083,-150.22,1.2219,47
299176,-150.88,2.6882,47
299270,-151.09,4.3988,47
299362,-151.22,3.5435,47
299455,-150.11,0.6109,46
299548,-146.86,3.7879,46
299640,-144.48,1.3441,46
299734,-144.75,2.3216,46
299827,-144.21,1.0997,46
299919,-143.62,2.1994,46
300012,-144.04,3.6657,46
300105,-144.09,3.0547,46
300197,-143.7,0.7331,46
300291,-142.98,1.955,46
300384,-142.49,1.3441,46
300476,-141.92,3.9101,46
300569,-141.89,0.8553,46
300662,-142.34,1.4663,46
300754,-142.4,3.1769,46
300848,-142.21,1.4663,46
300941,-141.76,3.7879,46
301033,-141.96,2.3216,46
301126,-141.77,1.4663,46
301219,-143.11,0.7331,46
301312,-143.68,1.2219,46
301405,-143.54,1.7107,45
301498,-142.54,3.6657,45
301590,-138.62,2.8104,45
301683,-137.19,3.2991,45
301776,-137.44,4.3988,45
301869,-137.81,2.3216,45
301962,-137.74,2.8104,45
302055,-137.55,3.7879,45
302147,-137.81,4.6432,45
302240,-137.92,2.9326,45
302333,-138.26,1.4663,45
302426,-139.05,1.2219,45
302519,-139.26,1.7107,45
302612,-138.54,1.8328,45
302704,-138.23,1.0997,45
302797,-138.82,3.6657,45
302891,-138.65,2.0772,45
302983,-137.93,0.8553,45
303076,-137.64,1.0997,45
303169,-138.41,6.7204,45
303261,-138.48,4.3988,45
303354,-138.68,5.132,45
303448,-138.56,1.7107,44
303540,-135.79,4.1544,44
303633,-133.4,3.9101,44
303726,-133.07,5.9873,44
303818,-132.93,4.0323,44
303911,-132.54,3.5435,44
304005,-132.61,2.8104,44
304097,-132.66,3.2991,44
304190,-132.74,2.3216,44
304283,-132.35,3.7879,44
304375,-131.89,0.6109,44
304468,-132.43,3.7879,44
304561,-133.28,0.6109,44
304654,-133.16,3.4213,44
304747,-132.91,2.566,44
304839,-133.08,2.0772,44
304932,-132.64,1.955,44
305026,-132.77,3.4213,44
305118,-132.97,1.4663,44
305211,-132.47,5.2542,44
305304,-132.33,2.0772,44
305396,-132.2,2.4438,44
305489,-131,2.3216,43
305583,-128.14,3.0547,43
305675,-126.7,0.8553,43
305768,-126.28,3.7879,43
305861,-126.08,1.4663,43
305953,-126.15,1.4663,43
306046,-126.5,0.6109,43
306140,-126.93,3.6657,43
306232,-126.8,3.0547,43
306325,-125.94,3.2991,43
306418,-125.65,0,43
306510,-125.77,3.2991,43
306604,-126.06,2.8104,43
306697,-126.31,5.132,43
306789,-126.28,3.5435,43
306882,-125.88,2.6882,43
306975,-125.61,1.0997,43
307067,-125.52,1.4663,43
307161,-126.22,0.2444,43
307254,-125.88,4.3988,43
307346,-125.71,0.7331,43
307439,-124.95,4.8876,42
307532,-123.08,1.955,42
307624,-121.33,0.4888,42
307718,-121,1.8328,42
307811,-121.03,2.0772,42
307903,-120.56,4.3988,42
307996,-120.17,4.0323,42
308089,-119.99,4.0323,42
308182,-120.36,1.3441,42
308275,-120.59,0,42
308368,-120.51,3.4213,42
308460,-120.67,5.132,42
308553,-121.07,5.0098,42
308646,-120.82,2.6882,42
308739,-120.66,3.0547,42
308832,-121.51,3.5435,42
308925,-120.95,1.955,42
309017,-119.77,1.8328,42
309110,-119.87,1.7107,42
309203,-120.23,2.566,42
309296,-120.31,1.5885,42
309389,-120.12,2.4438,42
309482,-118.68,4.0323,41
309574,-115.4,3.9101,41
309667,-114.79,3.9101,41
309761,-114.74,6.2317,41
309853,-114.47,1.3441,41
309946,-114.34,0,41
310039,-114.84,0.7331,41
310131,-114.73,1.8328,41
310224,-113.96,0.2444,41
310318,-113.07,3.0547,41
310410,-113.46,2.4438,41
310503,-114.14,2.3216,41
310596,-114.33,2.6882,41
310688,-113.37,1.8328,41
310781,-112.64,3.4213,41
310875,-113.53,2.0772,41
310967,-113.81,1.2219,41
311060,-114.48,2.4438,41
311153,-115.27,3.1769,41
311245,-115.08,3.5435,41
311339,-115.13,3.9101,41
311432,-114.02,1.8328,40
311524,-110.26,2.1994,40
311617,-107.66,2.566,40
311710,-107.26,0.2444,40
311802,-106.75,0.6109,40
311896,-107.3,2.3216,40
311989,-107.51,1.955,40
312081,-107.13,2.4438,40
312174,-107.23,1.5885,40
312267,-107.33,3.9101,40
312359,-107.24,3.1769,40
312453,-107.16,2.1994,40
312546,-107.07,2.4438,40
312638,-107.28,-0.1222,40
312731,-107.07,3.6657,40
312824,-106.9,1.8328,40
312916,-107.54,2.0772,40
313010,-107.9,2.0772,40
313103,-107.63,2.0772,40
313195,-107.48,0.8553,40
313288,-107.49,2.0772,40
313381,-107.14,4.3988,40
313474,-105.93,1.5885,39
313567,-103.2,3.5435,39
313660,-102.12,3.1769,39
313752,-102.4,1.0997,39
313845,-102.8,1.4663,39
313938,-102.76,0.3666,39
314031,-102.62,0.6109,39
314124,-102.2,3.1769,39
314217,-102.03,0.4888,39
314309,-102.19,0.4888,39
314402,-102.37,1.4663,39
314496,-102.33,0.8553,39
314588,-102.29,0.7331,39
314681,-102.03,0.9775,39
314774,-102.44,2.6882,39
314866,-102.87,3.5435,39
314959,-102.87,2.8104,39
315053,-102.67,2.566,39
315145,-102.97,2.4438,39
315238,-102.66,3.2991,39
315331,-102.13,2.9326,39
315423,-101.99,0.6109,38
315516,-99.7,0.9775,38
315610,-97.12,2.6882,38
315702,-96.43,3.4213,38
315795,-96.35,2.4438,38
315888,-96.24,1.955,38
315980,-96.43,0.6109,38
316073,-96.73,1.0997,38
316167,-96.89,0.4888,38
316259,-96.89,1.3441,38
316352,-96.65,1.8328,38
316445,-96.6,2.0772,38
316537,-96.67,3.0547,38
316631,-96.5,1.8328,38
316724,-96.6,2.6882,38
316816,-96.61,0.4888,38
316909,-96.62,0.1222,38
317002,-96.44,0.6109,38
317094,-96.59,1.5885,38
317188,-96.41,0.3666,38
317281,-96.93,0.6109,38
317373,-97.66,1.7107,38
317466,-96.77,0.9775,37
317559,-92.76,3.4213,37
317651,-91.33,1.0997,37
317745,-90.82,2.566,37
317838,-90.47,2.9326,37
317930,-90.67,2.8104,37
318023,-91.01,2.0772,37
318116,-90.94,0.7331,37
318209,-91.31,0.8553,37
318302,-90.9,1.5885,37
318395,-90.44,2.4438,37
318487,-90.33,1.8328,37
318580,-90.76,1.4663,37
318673,-91.09,2.1994,37
318766,-91.23,1.4663,37
318859,-91.01,1.4663,37
318952,-90.59,2.0772,37
319044,-90.59,0.3666,37
319137,-90.9,1.4663,37
319230,-90.62,1.4663,37
319323,-90.6,0.4888,37
319416,-90.8,1.5885,36
319508,-88.86,1.5885,36
319601,-86.08,1.7107,36
319694,-85.42,1.4663,36
319787,-85.63,0.3666,36
319880,-85.55,1.0997,36
319973,-85.4,1.2219,36
320065,-85.85,1.8328,36
320158,-86.06,2.1994,36
320251,-85.91,0.3666,36
320344,-85.93,0,36
320437,-86.08,1.2219,36
320530,-85.89,1.0997,36
320622,-85.6,1.8328,36
320715,-85.71,1.8328,36
320808,-85.42,2.0772,36
320901,-85.97,0.4888,36
320994,-86.33,2.566,36
321087,-85.75,2.1994,36
321179,-85.41,0.9775,36
321272,-85.7,1.0997,36
321366,-85.99,1.3441,36
321458,-84.76,0.7331,35
321551,-81.36,0.8553,35
321644,-79.73,1.2219,35
321736,-79.12,0.4888,35
321829,-79.21,1.5885,35
321923,-79.79,1.3441,35
322015,-79.94,1.2219,35
322108,-79.99,0.9775,35
322201,-79.7,0.7331,35
322293,-79.59,-0.1222,35
322386,-79.59,1.3441,35
322480,-79.6,0.7331,35
322572,-79.76,0.8553,35
322665,-79.77,1.2219,35
322758,-80.02,0.2444,35
322850,-79.97,2.0772,35
322944,-80.08,1.8328,35
323037,-80.09,2.3216,35
323129,-80.14,2.3216,35
323222,-80.07,0.1222,35
323315,-80.35,1.4663,35
323407,-80.33,0.1222,34
323501,-78.28,0.7331,34
323594,-75.6,0.9775,34
323686,-75.09,2.3216,34
323779,-74.99,0.8553,34
323872,-74.59,1.7107,34
323964,-74.6,1.4663,34
324058,-74.64,1.2219,34
324151,-74.42,2.3216,34
324243,-74.63,0.4888,34
324336,-74.48,4.0323,34
324429,-74.95,0.7331,34
324521,-75.2,0.9775,34
324615,-74.73,2.3216,34
324708,-74.55,0.4888,34
324800,-74.53,3.0547,34
324893,-73.75,1.4663,34
324986,-73.84,0.6109,34
325079,-74.07,1.5885,34
325172,-74.47,0.1222,34
325265,-74.39,0.6109,34
325357,-74.22,2.1994,34
325450,-73.88,0.7331,33
325543,-71.85,1.7107,33
325636,-70.9,2.1994,33
325729,-70.67,1.5885,33
325822,-70.58,0.2444,33
325914,-70.47,0.3666,33
326007,-70.39,0.9775,33
326100,-70.46,2.3216,33
326193,-71,0,33
326286,-70.89,1.7107,33
326379,-69.98,0.7331,33
326471,-70.31,1.7107,33
326564,-70.51,1.955,33
326658,-69.87,2.8104,33
326750,-70.01,2.9326,33
326843,-70.28,0.6109,33
326936,-70.25,3.0547,33
327028,-70.61,1.5885,33
327121,-70.49,0.1222,33
327215,-70.8,0.1222,33
327307,-70.76,1.4663,33
327400,-70.14,1.0997,32
327493,-68.88,0.3666,32
327585,-66.46,0.8553,32
327678,-65.97,1.8328,32
327772,-65.85,0.9775,32
327864,-65.65,1.3441,32
327957,-65.45,1.5885,32
328050,-65.43,2.3216,32
328142,-65.57,2.6882,32
328236,-65.83,2.3216,32
328329,-66.18,2.9326,32
328421,-65.74,2.566,32
328514,-65.6,0.8553,32
328607,-65.67,1.955,32
328699,-65.4,1.5885,32
328793,-65.36,2.4438,32
328886,-65.94,1.3441,32
328978,-66.3,0.8553,32
329071,-65.92,0.8553,32
329164,-65.72,1.5885,32
329256,-65.7,1.5885,32
329350,-65.52,1.7107,32
329443,-65.49,1.7107,31
329535,-62.8,2.1994,31
329628,-61.61,1.2219,31
329721,-61.1,0.7331,31
329814,-61.04,0.4888,31
329907,-61.49,1.4663,31
330000,-61.84,1.5885,31
330092,-61.8,0.8553,31
330185,-61.65,0.3666,31
330278,-61.48,0.7331,31
330371,-61.1,0.6109,31
330464,-61.23,1.7107,31
330557,-61.19,-0.3666,31
330649,-61.09,0.3666,31
330742,-61.45,1.4663,31
330835,-61.57,0.3666,31
330928,-61.37,0.8553,31
331021,-61.23,0.6109,31
331113,-61.3,0.6109,31
331206,-61.56,1.7107,31
331299,-61.6,0,31
331392,-61.46,0.4888,30
331485,-60.17,2.3216,30
331578,-58.14,0.4888,30
331671,-57.9,0.7331,30
331763,-57.61,1.4663,30
331856,-57.37,0.4888,30
331950,-57.7,0.9775,30
332042,-57.52,0.9775,30
332135,-57.6,0.4888,30
332228,-57.62,0.6109,30
332320,-57.65,-0.1222,30
332413,-57.44,0.6109,30
332507,-57.85,0.7331,30
332599,-57.77,0.9775,30
332692,-57.75,1.5885,30
332785,-57.83,1.0997,30
332877,-57.75,1.3441,30
332971,-57.51,0.3666,30
333064,-57.51,1.2219,30
333156,-57.86,0.2444,30
333249,-58.04,1.3441,30
333341,-58.05,2.8104,30
333434,-57.74,1.0997,29
333528,-55.54,1.0997,29
333620,-53.86,1.3441,29
333713,-53.57,0.8553,29
333806,-53.88,0.3666,29
333898,-54.17,0.2444,29
333991,-54.19,0.7331,29
334085,-53.6,0.7331,29
334177,-53.49,0.9775,29
334270,-53.85,0.8553,29
334363,-54.22,0.1222,29
334455,-54.37,0.3666,29
334548,-54.36,1.0997,29
334642,-54.33,0.2444,29
334734,-53.88,1.955,29
334827,-54.16,0.7331,29
334920,-54.66,-0.1222,29
335012,-54.65,1.0997,29
335106,-54.05,0.9775,29
335199,-53.94,1.7107,29
335291,-54.29,0.3666,29
335384,-54.11,1.0997,28
335477,-53.2,0.7331,28
335569,-51.12,0.4888,28
335663,-50.66,1.0997,28
335756,-50.87,1.3441,28
335848,-50.97,0.8553,28
335941,-51.02,1.3441,28
336034,-50.93,0.1222,28
336126,-50.8,0.4888,28
336220,-50.62,2.1994,28
336313,-51,0.2444,28
336405,-50.9,1.2219,28
336498,-50.73,0.4888,28
336591,-50.79,1.0997,28
336684,-51.26,0.8553,28
336777,-51.49,1.2219,28
336870,-50.96,2.1994,28
336962,-50.7,0.2444,28
337055,-50.81,1.3441,28
337148,-50.92,1.2219,28
337241,-50.51,1.2219,28
337334,-50.7,0.7331,28
337427,-50.85,0.4888,27
337519,-49.47,1.2219,27
337612,-48.57,0.4888,27
337705,-48.62,1.3441,27
337798,-48.53,0.8553,27
337891,-48.63,0.7331,27
337984,-48.32,1.8328,27
338076,-48.04,0.7331,27
338169,-48.4,0.6109,27
338263,-48.62,0.1222,27
338355,-48.38,0.4888,27
338448,-48.24,1.4663,27
338541,-48.1,-0.1222,27
338633,-48.03,0.9775,27
338726,-47.95,0.3666,27
338820,-48.28,1.955,27
338912,-48.61,1.8328,27
339005,-48.6,1.4663,27
339098,-48.51,0.2444,27
339190,-48.47,0.9775,27
339283,-48.2,0.7331,27
339377,-48.15,0,27
339469,-47.54,1.7107,26
339562,-44.88,0.3666,26
339655,-44.13,0.7331,26
339747,-43.86,0.8553,26
339841,-43.85,0.6109,26
339934,-43.91,1.0997,26
340026,-43.64,0,26
340119,-43.49,0.2444,26
340212,-43.75,0.8553,26
340304,-44.28,0.1222,26
340398,-44.06,1.2219,26
340491,-43.89,1.3441,26
340583,-44.42,0.9775,26
340676,-44.73,1.8328,26
340769,-44.58,1.5885,26
340861,-44.35,1.0997,26
340955,-44.27,0.8553,26
341048,-44.14,1.8328,26
341140,-44.06,1.0997,26
341233,-43.92,0.9775,26
341326,-43.74,1.5885,26
341419,-43.69,0.7331,25
341512,-42.58,0.8553,25
341604,-41,1.3441,25
341697,-40.6,0.3666,25
341790,-40.65,1.4663,25
341882,-40.69,0.8553,25
341976,-40.88,0.2444,25
342069,-40.91,1.2219,25
342161,-40.89,0.8553,25
342254,-40.7,1.4663,25
342347,-40.69,0.8553,25
342439,-40.78,0.8553,25
342533,-40.81,1.2219,25
342626,-40.45,0.1222,25
342718,-40.51,0.7331,25
342811,-40.79,0.8553,25
342904,-40.53,1.0997,25
342996,-40.45,0.1222,25
343090,-40.34,0.8553,25
343183,-40.73,1.7107,25
343275,-40.73,0.6109,25
343368,-40.61,0.2444,25
343461,-39.96,0.9775,24
343555,-38.17,0.8553,24
343647,-37.22,0.9775,24
343740,-37.56,0.6109,24
343833,-37.76,1.2219,24
343925,-37.81,0.3666,24
344018,-38.16,0.6109,24
344111,-37.97,0.3666,24
344204,-37.76,1.0997,24
344297,-37.61,0.9775,24
344389,-37.85,0.8553,24
344482,-37.66,0.2444,24
344576,-37.64,0.4888,24
344668,-37.65,0.1222,24
344761,-37.45,0.8553,24
344854,-37.2,0.9775,24
344946,-37.67,0.4888,24
345039,-38.07,0.1222,24
345133,-37.59,0.4888,24
345225,-37.28,0.8553,24
345318,-37.43,0.6109,24
345411,-37.17,0.2444,23
345503,-35.8,1.4663,23
345596,-34.43,0.3666,23
345690,-34.47,1.2219,23
345782,-34.82,0.6109,23
345875,-35.08,0.4888,23
345968,-34.68,0.4888,23
346060,-34.53,0.2444,23
346153,-34.24,0.4888,23
346247,-34.09,1.2219,23
346339,-34.13,0.8553,23
346432,-34.73,0.4888,23
346525,-34.83,0.7331,23
346617,-34.71,0.2444,23
346711,-34.65,0.7331,23
346804,-34.73,0.6109,23
346896,-34.48,0.2444,23
346989,-34.32,0.7331,23
347082,-34.62,0.1222,23
347174,-34.64,-0.1222,23
347268,-34.31,0.1222,23
347361,-34.16,1.0997,23
347453,-33.6,0.6109,22
347546,-32.31,1.4663,22
347639,-31.96,0.7331,22
347731,-31.58,0.3666,22
347825,-31.46,0,22
347918,-31.69,1.4663,22
348010,-31.7,0.1222,22
348103,-31.6,0.4888,22
348196,-31.31,0.2444,22
348289,-31.46,1.7107,22
348382,-31.8,1.3441,22
348475,-31.73,0.6109,22
348567,-31.85,0.4888,22
348660,-31.73,1.2219,22
348753,-31.35,-0.1222,22
348846,-31.19,0.8553,22
348939,-31.37,0,22
349032,-31.7,0.7331,22
349124,-32.13,1.8328,22
349217,-31.82,-0.1222,22
349310,-31.49,0.8553,22
349403,-31.44,0.1222,21
349496,-30.33,0,21
349589,-29.1,0.8553,21
349681,-28.84,0.8553,21
349774,-28.84,0.3666,21
349868,-28.72,0.6109,21
349960,-28.7,0.2444,21
350053,-28.82,0.7331,21
350146,-29.24,0.3666,21
350238,-29.36,1.0997,21
350331,-28.98,0.2444,21
350425,-29.19,0.9775,21
350517,-29.07,0.1222,21
350610,-28.94,0.4888,21
350703,-28.84,0.8553,21
350795,-28.79,0.9775,21
350888,-29.01,0.2444,21
350981,-29.01,0.3666,21
351074,-28.89,0.7331,21
351167,-28.9,0,21
351259,-28.86,0.2444,21
351352,-28.68,0.3666,21
351446,-28.23,0.1222,20
351538,-27.08,0.2444,20
351631,-26.83,0.1222,20
351724,-26.82,0.2444,20
351816,-26.48,0.3666,20
351909,-26.38,0.4888,20
352003,-26.45,0.3666,20
352095,-26.55,0.2444,20
352188,-26.47,0,20
352281,-26.3,0.4888,20
352373,-26.29,0.2444,20
352466,-26.29,0.1222,20
352560,-26.4,0.8553,20
352652,-26.26,0.9775,20
352745,-26.26,0.3666,20
352838,-26.48,0.1222,20
352930,-26.48,0.7331,20
353024,-26.43,0.8553,20
353117,-26.62,0.2444,20
353209,-26.71,0.3666,20
353302,-26.62,0.7331,20
353395,-26.58,0.4888,19
353487,-25.16,0.1222,19
353581,-23.57,0.3666,19
353674,-23.36,0.4888,19
353766,-23.16,0.3666,19
353859,-23.52,0.4888,19
353952,-23.9,0.3666,19
354044,-23.71,0.4888,19
354138,-23.64,0.9775,19
354231,-23.76,0.6109,19
354323,-23.53,-0.1222,19
354416,-23.6,0.4888,19
354509,-23.65,0.1222,19
354601,-23.68,0,19
354695,-23.64,1.0997,19
354788,-23.54,0.2444,19
354880,-23.55,0.8553,19
354973,-23.82,0.1222,19
355066,-23.85,0.6109,19
355159,-23.73,0.9775,19
355252,-23.98,0.3666,19
355345,-23.65,0.3666,19
355437,-23.41,0.8553,18
355530,-21.95,0.3666,18
355623,-21.27,-0.2444,18
355716,-21.07,0.4888,18
355809,-21.1,0,18
355902,-20.92,0.6109,18
355994,-20.87,0.6109,18
356087,-20.92,0.3666,18
356180,-20.89,0.4888,18
356273,-20.83,0.8553,18
356366,-21.02,0.2444,18
356459,-21.04,0.3666,18
356551,-20.69,0.4888,18
356644,-20.88,0,18
356737,-21.18,1.0997,18
356830,-21.16,0.2444,18
356923,-20.96,0.4888,18
357015,-20.69,0.3666,18
357108,-20.66,0,18
357201,-20.51,0.4888,18
357294,-20.63,0.3666,18
357387,-20.79,1.2219,17
357480,-20.2,0.6109,17
357572,-19.15,0.4888,17
357665,-19.21,0.3666,17
357758,-19.54,0.1222,17
357851,-19.36,0.7331,17
357944,-18.89,0.7331,17
358037,-18.67,0.6109,17
358129,-18.86,0.1222,17
358222,-19.12,0.3666,17
358316,-19.29,0.6109,17
358408,-18.94,0.1222,17
358501,-18.8,0.2444,17
358594,-18.74,0.2444,17
358686,-18.88,0.2444,17
358779,-18.88,0.8553,17
358873,-18.95,0.2444,17
358965,-18.94,0.1222,17
359058,-18.68,0.3666,17
359151,-18.75,0,17
359243,-18.75,-0.1222,17
359336,-18.72,0.6109,17
359430,-18.72,0,16
359522,-18.06,0.4888,16
359615,-17.36,0.6109,16
359708,-16.91,0.3666,16
359800,-16.86,0.2444,16
359894,-16.99,0,16
359987,-16.99,0.7331,16
360079,-16.77,0.2444,16
360172,-16.71,0.1222,16
360265,-16.65,0.6109,16
360357,-17.06,0.3666,16
360451,-17.16,0.3666,16
360544,-16.89,0.2444,16
360636,-17.07,0.7331,16
360729,-17.16,0.3666,16
360822,-17.02,0.4888,16
360914,-16.93,0.2444,16
361008,-17.01,0.6109,16
361101,-17.09,0,16
361193,-17.32,0,16
361286,-17.18,0.2444,16
361379,-17.07,0.2444,15
361472,-16.33,0.4888,15
361565,-15.47,-0.1222,15
361658,-15.39,0.1222,15
361750,-15.38,0.4888,15
361843,-15.45,0.2444,15
361936,-15.81,0,15
362029,-15.48,0.7331,15
362122,-15.47,0.3666,15
362215,-15.67,0.3666,15
362307,-15.57,0.4888,15
362400,-15.4,0.1222,15
362493,-15.39,0.2444,15
362586,-15.46,0.8553,15
362679,-15.43,0.1222,15
362772,-15.6,0.2444,15
362864,-15.68,0,15
362957,-15.6,0.6109,15
363049,-15.4,0.3666,15
363143,-15.48,0.2444,15
363236,-15.36,0.3666,15
363328,-15.21,0,15
363421,-15.04,0,14
363514,-14.49,0.2444,14
363607,-13.97,0.4888,14
363700,-14.07,0.4888,14
363793,-14.03,0.4888,14
363885,-13.67,0.3666,14
363978,-13.87,0.4888,14
364071,-13.99,0.6109,14
364164,-13.91,-0.1222,14
364257,-13.82,0.3666,14
364350,-14.09,0.1222,14
364442,-13.96,0.6109,14
364535,-13.97,0.2444,14
364628,-14.12,0.1222,14
364721,-14.12,0.1222,14
364814,-14.16,0.2444,14
364907,-13.99,0.3666,14
364999,-13.93,0.6109,14
365092,-13.87,0.1222,14
365186,-13.88,0.6109,14
365278,-13.88,0,14
365371,-14,0.3666,13
365464,-13.71,-0.1222,13
365556,-12.87,0.1222,13
365649,-12.56,0.6109,13
365743,-12.53,0.7331,13
365835,-12.91,-0.1222,13
365928,-12.74,0.3666,13
366021,-12.36,-0.1222,13
366113,-12.64,0,13
366206,-12.7,0,13
366300,-12.71,0.4888,13
366392,-12.69,0.3666,13
366485,-12.63,0.1222,13
366578,-12.3,0.3666,13
366670,-12.48,0.4888,13
366764,-12.65,0.4888,13
366857,-12.47,0.7331,13
366949,-12.57,0.2444,13
367042,-12.49,0.4888,13
367135,-12.18,0.2444,13
367227,-12.57,-0.1222,13
367321,-13,0.1222,13
367414,-12.94,0.1222,12
367506,-11.79,0.3666,12
367599,-10.68,0.4888,12
367692,-10.68,0,12
367784,-10.92,0.1222,12
367878,-10.94,0,12
367971,-10.95,0.2444,12
368063,-10.93,0.2444,12
368156,-10.91,0.1222,12
368248,-11,0.2444,12
368342,-11.02,0.1222,12
368435,-11.05,0.1222,12
368527,-11.22,0.2444,12
368620,-11.15,0.6109,12
368713,-10.91,0.1222,12
368805,-10.75,0,12
368899,-10.65,0.1222,12
368992,-10.98,0.3666,12
369084,-10.98,0.2444,12
369177,-10.79,0,12
369270,-10.81,0.8553,12
369362,-10.87,0.1222,11
369456,-10.78,-0.1222,11
369549,-10.21,0.1222,11
369641,-9.93,0.1222,11
369734,-9.82,-0.1222,11
369827,-9.85,0.2444,11
369920,-9.84,0.1222,11
370013,-9.92,0.1222,11
370106,-9.98,0.1222,11
370198,-9.93,0.2444,11
370291,-9.82,0.2444,11
370384,-9.82,0.1222,11
370477,-9.8,0.2444,11
370570,-9.85,0.3666,11
370663,-9.93,0.1222,11
370755,-9.9,0.1222,11
370848,-9.54,0.6109,11
370941,-9.57,0.2444,11
371034,-9.79,0.2444,11
371127,-9.9,0.3666,11
371220,-9.94,0.2444,11
,11,,