11923,1.47,0.3666,10
12016,1.55,0.1222,10
12109,1.5,0.1222,10
12201,1.72,0,10
12295,1.73,0,10
12388,1.57,0.2444,10
12480,1.59,0.1222,10
12573,1.55,0.2444,10
12666,1.55,0.1222,10
12759,1.32,0.2444,10
12852,1.39,0,10
12945,1.36,0.1222,10
13037,1.33,0.2444,10
13130,1.44,0.2444,10
13223,1.54,0.2444,10
13316,1.46,0,10
13409,1.37,0.1222,10
13502,1.43,0.1222,10
13594,1.72,0.2444,11
13687,2.68,0.3666,11
13780,2.02,0.2444,11
13873,1.81,0.4888,11
13966,1.7,0,11
14059,1.66,0.4888,11
14151,1.63,0.3666,11
14244,1.52,0.3666,11
14338,1.55,0.2444,11
14430,1.68,0.3666,11
14523,1.62,0.2444,11
14616,1.69,0.1222,11
14708,1.72,0.2444,11
14801,1.75,0.3666,11
14895,1.51,0,11
14987,1.63,0.1222,11
15080,1.83,0.4888,11
15173,1.72,0.1222,11
15265,1.49,0,11
15358,1.66,0.1222,11
15452,1.76,0.7331,11
15544,1.56,0.4888,11
15637,2.42,0.6109,12
15730,3.12,0.2444,12
15822,2.13,0,12
15916,2.18,0.2444,12
16008,2.22,0.4888,12
16101,1.91,0.3666,12
16194,1.81,0.1222,12
16286,1.84,0.2444,12
16379,1.79,0.4888,12
16473,1.72,0.1222,12
16565,1.68,0.1222,12
16658,1.76,0.3666,12
16751,1.78,0.1222,12
16843,1.95,0.7331,12
16936,1.89,0.4888,12
17030,1.77,0.3666,12
17123,1.93,0.1222,12
17215,2.04,0.2444,12
17308,2,0.4888,12
17400,2.04,0.2444,12
17494,2.07,0.3666,12
17587,2.05,0.4888,13
17679,3.39,0.2444,13
17772,3.21,0.2444,13
17865,2.54,0.1222,13
17957,2.63,0.3666,13
18051,2.3,0.3666,13
18144,2.1,0.2444,13
18236,2.32,0.1222,13
18329,2.31,0.4888,13
18422,2.27,0.2444,13
18514,2.46,0.6109,13
18608,2.38,0,13
18701,2.26,0.6109,13
18793,2.42,0.1222,13
18886,2.55,0.4888,13
18979,2.46,0.4888,13
19072,2.55,0.4888,13
19165,2.55,0.7331,13
19258,2.61,0.6109,13
19350,2.31,0.7331,13
19443,2.32,0.2444,13
19536,2.44,0,13
19629,3,0.3666,14
19722,3.55,0.1222,14
19815,2.82,0.4888,14
19907,2.76,0.4888,14
20000,2.86,0.6109,14
20093,2.81,0.6109,14
20186,2.78,0.2444,14
20279,2.71,0,14
20372,2.75,0.1222,14
20464,2.73,0.6109,14
20557,2.58,0.1222,14
20651,2.51,0.3666,14
20743,2.76,0.4888,14
20836,2.59,0.7331,14
20929,2.42,0.4888,14
21021,2.82,0.2444,14
21114,2.58,0.2444,14
21208,2.72,0.1222,14
21300,2.74,0.1222,14
21393,2.93,0.2444,14
21485,2.95,0.4888,14
21578,3.02,0.3666,15
21671,3.6,0.6109,15
21764,3.58,0,15
21857,3.29,0.4888,15
21950,3.28,0.3666,15
22043,3.19,0.3666,15
22135,3.23,0.2444,15
22228,3.24,0.3666,15
22321,3.09,0.3666,15
22414,3.03,0.7331,15
22507,3.28,0.2444,15
22599,3.27,0.1222,15
22692,3.27,0.1222,15
22786,3.13,0.2444,15
22878,3.2,1.2219,15
22971,3.16,0.1222,15
23064,3.08,0.3666,15
23156,3.17,0.2444,15
23249,3.08,0.6109,15
23343,3.12,0.1222,15
23435,3.21,0.4888,15
23528,3.09,0.4888,15
23621,3.64,0.6109,16
23713,4.46,0.1222,16
23806,3.72,0.6109,16
23900,3.55,0.7331,16
23992,3.66,0.4888,16
24085,3.58,0.4888,16
24178,3.51,0.4888,16
24270,3.46,0.3666,16
24364,3.44,0,16
24457,3.61,0.1222,16
24549,3.67,0.2444,16
24642,3.55,0.8553,16
24735,3.48,0.1222,16
24827,3.59,0.4888,16
24921,3.46,0.4888,16
25014,3.46,0.3666,16
25106,3.78,0.3666,16
25199,3.76,0.7331,16
25292,3.61,0.6109,16
25384,3.76,0.6109,16
25478,3.7,0.2444,16
25571,3.46,0.1222,16
25663,4.62,0.4888,17
25756,4.55,0.6109,17
25849,3.92,0.2444,17
25942,3.87,0.6109,17
26035,4.07,0.4888,17
26128,4.05,0.6109,17
26220,3.84,0.4888,17
26313,3.9,0.7331,17
26405,4.06,0.6109,17
26499,4.32,0.6109,17
26592,4.36,0.8553,17
26684,4.13,0.8553,17
26777,4.08,0.6109,17
26870,4.16,0.1222,17
26962,4.11,0.2444,17
27056,4.04,0.4888,17
27149,3.92,0.6109,17
27242,3.91,0.8553,17
27334,3.8,0.2444,17
27427,4.06,0.4888,17
27520,4.08,0,17
27613,4.21,0.4888,18
27706,5.29,0.4888,18
27798,4.68,0.6109,18
27891,4.56,0.7331,18
27984,4.62,0.6109,18
28077,4.33,0.8553,18
28170,4.68,0.6109,18
28263,4.82,0.7331,18
28355,4.54,0.4888,18
28448,4.35,0.1222,18
28541,4.5,0.4888,18
28634,4.7,0.7331,18
28727,4.56,0.6109,18
28820,4.69,1.2219,18
28912,4.71,0,18
29005,4.43,0.2444,18
29099,4.45,0.6109,18
29191,4.45,1.2219,18
29284,4.38,1.0997,18
29377,4.73,0.4888,18
29469,4.64,0.3666,18
29562,4.59,-0.1222,18
29656,5.69,0.3666,19
29748,5.92,0.3666,19
29841,5.36,0.4888,19
29934,5.04,0.7331,19
30026,4.68,0.9775,19
30119,5.01,0.2444,19
30213,5.11,0.4888,19
30305,5.18,0,19
30398,5.24,0.7331,19
30491,5.12,0.6109,19
30583,5.64,0.6109,19
30676,5.66,0.2444,19
30770,5.06,0.2444,19
30862,5.03,0.9775,19
30955,4.95,0.2444,19
31048,4.86,0.2444,19
31140,5,1.0997,19
31234,4.87,0.2444,19
31327,5.1,0.3666,19
31419,5.12,0.3666,19
31512,5.21,0.9775,19
31605,5.97,0.3666,20
31697,7.26,0.3666,20
31791,6.26,0.1222,20
31884,5.84,0.1222,20
31976,5.78,0.6109,20
32069,5.83,0.4888,20
32162,5.9,1.5885,20
32254,5.86,0.2444,20
32348,5.78,0.4888,20
32441,5.94,0.3666,20
32533,6.18,0.8553,20
32626,6.21,0.4888,20
32719,5.99,0.4888,20
32812,5.86,0.9775,20
32905,6.11,0,20
32998,5.88,1.3441,20
33090,5.69,1.5885,20
33183,5.95,0.4888,20
33276,6.07,0.8553,20
33369,6.05,0.8553,20
33462,6.05,0.8553,20
33554,6.14,0.7331,20
33647,6.79,0.8553,21
33740,7.04,0.2444,21
33832,6.54,1.3441,21
33926,6.49,1.0997,21
34019,6.66,0.6109,21
34111,6.64,1.0997,21
34204,6.57,0,21
34297,6.42,0.6109,21
34391,6.29,0.9775,21
34483,6.56,1.0997,21
34576,6.55,0.1222,21
34668,6.58,1.4663,21
34761,6.44,1.5885,21
34854,6.36,0.6109,21
34947,6.44,1.3441,21
35040,6.41,0.7331,21
35133,6.35,0.8553,21
35225,6.35,0.9775,21
35318,6.32,1.8328,21
35411,6.23,0.7331,21
35504,6.34,0.8553,21
35597,6.72,1.3441,22
35690,7.81,1.2219,22
35782,7.13,0,22
35875,6.93,0.7331,22
35969,6.96,0.8553,22
36061,6.7,0.6109,22
36154,6.9,1.4663,22
36247,7,0.2444,22
36339,6.97,0.3666,22
36432,6.87,0,22
36526,6.76,0.7331,22
36618,7.01,1.4663,22
36711,7.19,1.0997,22
36804,6.95,1.4663,22
36896,6.66,1.955,22
36989,6.88,0.4888,22
37083,7.03,0.3666,22
37175,7.11,1.5885,22
37268,7.1,0.4888,22
37361,7.07,1.3441,22
37453,7.02,0.4888,22
37547,7.03,1.0997,22
37640,8,1.5885,23
37732,8.56,0.6109,23
37825,7.83,0.2444,23
37917,7.71,1.4663,23
38010,7.3,2.0772,23
38104,7.59,0.3666,23
38197,7.81,-0.1222,23
38289,7.76,0.1222,23
38382,7.64,0.8553,23
38474,7.65,1.7107,23
38567,7.91,0.9775,23
38661,7.86,0.3666,23
38753,7.75,0.9775,23
38846,7.68,0.2444,23
38939,7.79,1.8328,23
39031,7.59,1.2219,23
39124,7.65,0.1222,23
39218,7.69,0.6109,23
39310,7.76,0.1222,23
39403,7.74,1.4663,23
39496,7.6,0.8553,23
39588,8.15,0.7331,24
39682,9.19,1.2219,24
39775,8.78,1.0997,24
39867,8.27,0.4888,24
39960,8.21,1.4663,24
40053,8.44,1.8328,24
40145,8.48,0.8553,24
40239,8.67,1.4663,24
40332,8.57,0.8553,24
40424,8.53,2.1994,24
40517,8.26,0.9775,24
40610,8.11,0.4888,24
40702,8.32,0.3666,24
40796,8.52,1.2219,24
40889,8.36,0.8553,24
40981,8.23,2.0772,24
41074,8.3,1.3441,24
41167,8.37,0.8553,24
41260,8.33,0.1222,24
41353,8.34,0.1222,24
41446,8.1,0.3666,24
41538,8.29,0.9775,24
41631,9.02,0.2444,25
41724,9.64,1.3441,25
41817,9,0.4888,25
41910,9.03,1.3441,25
42003,8.95,1.8328,25
42095,8.6,0.8553,25
42188,8.73,1.7107,25
42281,8.63,0.9775,25
42374,8.79,1.4663,25
42467,8.89,0.3666,25
42559,9.12,0.9775,25
42652,9.06,0.8553,25
42745,8.93,0.6109,25
42838,8.98,0.6109,25
42931,8.82,0.9775,25
43024,8.71,0.3666,25
43116,8.96,0.8553,25
43209,9.18,1.3441,25
43302,9.13,0.9775,25
43395,8.93,1.955,25
43488,9.07,1.3441,25
43581,9.23,0.4888,26
43673,10.63,1.2219,26
43766,10.09,0.2444,26
43859,9.8,0.2444,26
43952,9.81,0.2444,26
44045,10.01,0.9775,26
44138,10.08,2.0772,26
44230,9.76,1.4663,26
44323,9.75,0.9775,26
44417,9.76,1.8328,26
44509,10.06,1.3441,26
44602,10.13,0.6109,26
44695,9.82,0.6109,26
44787,9.76,0.3666,26
44880,9.67,0.9775,26
44974,9.77,1.4663,26
45066,9.76,1.2219,26
45159,9.84,0.6109,26
45252,9.81,1.955,26
45344,9.63,1.5885,26
45437,9.56,1.4663,26
45530,9.59,1.3441,26
45623,10.7,1.8328,27
45716,11.64,1.3441,27
45808,10.92,1.955,27
45901,10.79,0.8553,27
45995,10.86,0.2444,27
46087,10.72,1.5885,27
46180,10.73,1.0997,27
46273,10.77,1.7107,27
46365,10.66,0.8553,27
46458,10.75,1.3441,27
46552,10.76,2.1994,27
46644,10.62,0.4888,27
46737,10.83,0.7331,27
46830,10.74,0.1222,27
46922,10.56,1.955,27
47015,10.79,1.0997,27
47109,10.79,0.2444,27
47201,10.69,0.3666,27
47294,10.65,2.8104,27
47387,10.63,0,27
47479,10.83,1.5885,27
47572,11.01,2.1994,28
47666,11.98,1.3441,28
47758,11.78,1.2219,28
47851,11.27,1.0997,28
47944,11.36,1.3441,28
48036,11.37,1.8328,28
48130,11.38,0.6109,28
48222,11.52,1.3441,28
48315,11.41,0.7331,28
48408,11.44,1.4663,28
48501,11.32,1.2219,28
48593,11.3,1.4663,28
48687,11.39,1.2219,28
48779,11.56,0.7331,28
48872,11.36,0.3666,28
48965,11.35,2.3216,28
49057,11.39,1.2219,28
49150,11.08,0.9775,28
49244,11.21,0.6109,28
49336,11.37,2.566,28
49429,11.23,0.9775,28
49522,11.16,1.2219,28
49614,11.73,2.1994,29
49708,12.77,1.4663,29
49801,12.25,1.7107,29
49893,12.04,0.7331,29
49986,11.96,0.7331,29
50079,12.13,0.6109,29
50171,12.03,0.8553,29
50265,11.86,1.0997,29
50357,11.87,1.5885,29
50450,11.91,0.7331,29
50543,11.98,0.8553,29
50635,11.99,0.3666,29
50728,11.94,0.1222,29
50822,11.82,0.8553,29
50914,12.02,0.8553,29
51007,12.02,1.4663,29
51100,12.01,1.4663,29
51192,11.99,0.4888,29
51286,11.93,1.2219,29
51379,11.83,1.3441,29
51471,11.94,1.4663,29
51564,12.23,1.2219,30
51657,13.41,1.5885,30
51749,13.71,1.7107,30
51843,13.2,1.7107,30
51936,13.05,0.8553,30
52028,13.07,1.4663,30
52121,13.04,2.9326,30
52214,13.01,2.8104,30
52306,13.01,0.4888,30
52400,12.98,0.4888,30
52492,13.05,2.566,30
52585,13.12,0.8553,30
52678,13.2,0.9775,30
52770,13.16,0.6109,30
52864,13.24,1.0997,30
52957,13.14,0.2444,30
53049,12.8,0.6109,30
53142,12.95,1.5885,30
53235,13.04,1.955,30
53327,13.05,0.9775,30
53421,13.09,0.2444,30
53514,13.42,1.8328,30
53606,13.74,3.2991,31
53699,14.67,1.955,31
53792,14.27,1.2219,31
53884,13.96,1.2219,31
53978,13.87,1.8328,31
54071,13.89,1.4663,31
54163,13.81,1.955,31
54256,14.01,1.5885,31
54349,14.2,0.6109,31
54441,14.08,0.2444,31
54535,13.86,1.4663,31
54628,13.8,0.6109,31
54720,13.89,1.0997,31
54813,14.14,2.566,31
54906,14.08,0.9775,31
54999,14.13,1.8328,31
55092,14.05,2.0772,31
55185,14.18,1.955,31
55277,14.05,1.0997,31
55370,14.16,0.2444,31
55462,14.09,1.955,31
55556,14.26,1.8328,32
55649,15.28,3.4213,32
55741,15.19,0.6109,32
55834,14.82,2.4438,32
55927,15.09,2.9326,32
56019,14.96,2.3216,32
56113,14.7,0.9775,32
56206,15,0.7331,32
56298,15.06,2.4438,32
56391,14.88,1.7107,32
56484,14.87,1.955,32
56577,14.77,1.3441,32
56670,14.91,1.2219,32
56763,15.01,3.0547,32
56856,15.03,1.7107,32
56948,14.87,1.0997,32
57041,14.79,1.4663,32
57134,15.16,1.2219,32
57227,15.11,-0.1222,32
57320,15,1.7107,32
57412,15,1.3441,32
57505,15.09,3.1769,32
57598,15.43,1.955,33
57691,16.72,2.1994,33
57784,16.13,0.7331,33
57877,15.96,0.8553,33
57969,16.07,1.3441,33
58062,15.84,1.2219,33
58156,16.17,2.566,33
58248,16.19,1.4663,33
58341,16.13,1.7107,33
58434,16.03,1.5885,33
58526,15.91,1.4663,33
58619,16.2,1.7107,33
58713,16.24,2.6882,33
58805,16.2,0.6109,33
58898,16.11,2.0772,33
58991,16.29,0.7331,33
59083,16.41,2.566,33
59176,16.31,0.7331,33
59270,16.18,0.9775,33
59362,16.02,2.6882,33
59455,15.89,2.566,33
59548,16.23,1.5885,33
59640,17.43,1.4663,34
59734,17.67,2.4438,34
59827,17.13,2.4438,34
59919,17.31,2.6882,34
60012,17.11,1.2219,34
60104,16.95,2.3216,34
60197,16.81,2.4438,34
60291,17.32,1.5885,34
60383,17.18,1.0997,34
60476,16.91,0.6109,34
60569,16.96,0.9775,34
60661,17,1.3441,34
60754,17.27,1.2219,34
60848,17.24,2.1994,34
60940,17.16,0.6109,34
61033,17,2.3216,34
61126,16.9,0.9775,34
61218,17.11,2.3216,34
61312,17.07,0.8553,34
61405,16.94,1.955,34
61498,17.05,2.0772,34
61590,17.57,1.2219,35
61683,19.05,0.1222,35
61775,18.58,1.0997,35
61869,17.98,4.3988,35
61962,18.11,1.8328,35
62054,18.25,0.9775,35
62147,18.22,1.7107,35
62240,18.18,3.7879,35
62333,18.37,1.955,35
62426,18.46,0.4888,35
62519,18.37,1.3441,35
62611,18.19,1.7107,35
62704,18.25,2.3216,35
62797,18.07,0.4888,35
62889,18.11,1.955,35
62983,18.32,2.566,35
63076,18.36,0,35
63168,17.93,1.5885,35
63261,17.93,0.6109,35
63354,18.24,4.7654,35
63447,18.33,4.7654,35
63540,18.41,2.3216,35
63633,19.19,2.3216,36
63725,20.23,3.4213,36
63818,19.5,1.2219,36
63911,19.33,0.8553,36
64004,19.22,1.955,36
64097,19.21,2.0772,36
64190,19.24,1.4663,36
64282,19.18,3.0547,36
64375,19.27,3.1769,36
64468,19.18,2.9326,36
64561,19.22,1.7107,36
64654,19.21,1.7107,36
64747,19.42,2.4438,36
64839,19.39,2.8104,36
64932,19.62,2.0772,36
65026,19.67,2.4438,36
65118,19.22,1.3441,36
65211,19.19,0.8553,36
65303,19.3,3.1769,36
65396,19.17,2.6882,36
65489,19.38,1.3441,36
65582,19.77,2.0772,37
65675,21.11,1.4663,37
65768,21.03,0.2444,37
65861,20.64,0.7331,37
65953,20.45,2.9326,37
66046,20.29,3.7879,37
66139,20.4,3.6657,37
66232,20.5,3.9101,37
66325,20.46,1.4663,37
66417,20.59,2.9326,37
66510,20.69,3.1769,37
66604,20.47,2.0772,37
66696,20.58,3.4213,37
66789,20.58,2.9326,37
66882,20.51,2.1994,37
66974,20.62,1.3441,37
67067,20.48,2.9326,37
67161,20.55,0.7331,37
67253,20.6,2.8104,37
67346,20.53,0.6109,37
67439,20.45,2.566,37
67531,20.57,2.8104,37
67624,21.8,1.8328,38
67718,22.76,2.8104,38
67810,21.99,2.8104,38
67903,21.86,0.7331,38
67996,21.62,2.9326,38
68088,21.81,0.8553,38
68182,21.78,2.9326,38
68275,21.7,1.4663,38
68367,21.68,4.2766,38
68460,21.76,0,38
68552,21.8,0.3666,38
68645,21.66,1.955,38
68739,21.91,2.566,38
68831,21.78,3.5435,38
68924,21.64,2.3216,38
69017,21.95,0.2444,38
69109,22.11,2.3216,38
69202,22.15,3.4213,38
69296,21.93,0.2444,38
69388,21.93,1.3441,38
69481,21.98,3.1769,38
69574,22.29,1.3441,39
69666,23.62,2.8104,39
69760,23.56,2.566,39
69853,23.15,2.566,39
69945,23.24,1.7107,39
70038,23.19,4.1544,39
70131,22.9,1.8328,39
70223,23.18,2.566,39
70317,23.14,3.0547,39
70410,23.02,1.2219,39
70502,22.95,1.4663,39
70595,23.33,3.0547,39
70688,23.27,2.1994,39
70780,23.27,1.7107,39
70874,23.1,0.9775,39
70967,22.9,0.1222,39
71059,22.85,1.7107,39
71152,22.72,3.0547,39
71245,22.96,3.6657,39
71337,22.95,1.5885,39
71431,23.2,3.7879,39
71524,23.05,1.8328,39
71616,23.76,1.7107,40
71709,25.26,0.8553,40
71801,24.52,4.0323,40
71895,24.34,4.0323,40
71988,24.39,2.3216,40
72080,24.24,1.7107,40
72173,24.37,3.5435,40
72266,24.45,3.0547,40
72358,24.35,0.7331,40
72452,24.39,2.3216,40
72545,24.29,1.4663,40
72637,23.98,1.7107,40
72730,24.36,4.1544,40
72823,24.22,1.3441,40
72915,24.04,0.7331,40
73009,24.45,3.1769,40
73102,24.5,2.566,40
73194,24.3,2.6882,40
73287,24.23,3.0547,40
73380,23.91,1.0997,40
73473,24.09,4.2766,40
73566,24.5,1.2219,41
73659,26.74,3.5435,41
73751,26.64,0.4888,41
73844,25.89,4.2766,41
73937,25.89,2.1994,41
74030,25.73,1.955,41
74123,26.04,0.3666,41
74216,25.72,2.6882,41
74308,25.55,3.7879,41
74401,25.47,3.1769,41
74493,26.13,1.8328,41
74587,25.87,5.4985,41
74680,26.05,3.7879,41
74772,25.95,3.1769,41
74865,25.68,2.566,41
74958,25.79,1.4663,41
75051,25.49,3.4213,41
75144,25.52,2.566,41
75237,25.33,4.3988,41
75329,25.49,1.3441,41
75422,25.82,1.8328,41
75515,25.91,3.6657,41
75608,27.31,3.4213,42
75701,28.2,4.8876,42
75794,27.45,4.6432,42
75886,27.97,1.955,42
75979,27.54,2.9326,42
76072,27.32,4.8876,42
76165,27.44,3.9101,42
76258,27.26,1.0997,42
76351,27.44,5.6207,42
76443,27.52,3.7879,42
76536,27.25,3.9101,42
76630,27.22,2.566,42
76722,27.55,2.566,42
76815,27.45,0.8553,42
76907,27.38,4.0323,42
77000,27.4,4.521,42
77093,27.55,2.8104,42
77186,27.49,0.9775,42
77279,27.49,3.7879,42
77372,27.55,0.3666,42
77464,27.46,3.0547,42
77557,27.58,1.8328,43
77650,29.14,5.132,43
77743,28.83,2.566,43
77836,28.91,1.0997,43
77929,28.39,1.955,43
78021,28.54,5.8651,43
78114,28.89,4.1544,43
78208,28.62,0.9775,43
78300,28.31,0.7331,43
78393,28.39,1.955,43
78486,28.43,2.566,43
78578,28.79,3.1769,43
78671,28.56,2.0772,43
78765,28.56,4.2766,43
78857,28.48,3.4213,43
78950,28.29,1.5885,43
79043,28.51,2.566,43
79135,28.45,2.8104,43
79228,28.49,2.6882,43
79322,28.39,1.7107,43
79414,28.33,3.2991,43
79507,28.48,0.9775,43
79600,29.42,1.0997,44
79692,30.53,3.6657,44
79785,29.75,3.4213,44
79878,29.54,6.4761,44
79971,29.78,0.4888,44
80064,29.63,5.0098,44
80156,29.76,4.8876,44
80249,29.75,5.3763,44
80343,29.48,3.6657,44
80435,29.56,1.4663,44
80528,29.84,3.6657,44
80621,29.8,3.7879,44
80713,29.66,6.4761,44
80806,29.41,1.7107,44
80900,29.76,4.7654,44
80992,29.58,3.9101,44
81085,29.71,4.7654,44
81178,29.9,3.1769,44
81270,29.59,1.3441,44
81363,29.38,4.7654,44
81457,29.69,3.7879,44
81549,29.85,5.6207,45
81642,31.09,4.3988,45
81735,31.32,0.6109,45
81827,31.09,3.4213,45
81921,30.97,4.3988,45
82014,30.93,5.6207,45
82106,30.91,1.5885,45
82199,30.99,3.5435,45
82291,31.29,2.3216,45
82384,31.25,1.8328,45
82478,31.02,3.4213,45
82570,31,4.0323,45
82663,31.08,1.0997,45
82756,31,5.7429,45
82848,31,4.0323,45
82941,30.99,3.4213,45
83035,30.78,3.1769,45
83127,30.94,6.1095,45
83220,31.04,2.3216,45
83313,31.06,1.2219,45
83405,30.96,3.0547,45
83499,30.95,6.1095,45
83592,31.86,1.2219,46
83684,32.97,0.8553,46
83777,32.47,0.7331,46
83870,32.36,4.7654,46
83962,32.3,4.2766,46
84056,32.24,0.8553,46
84149,32.29,6.1095,46
84241,32.39,4.8876,46
84334,32.29,2.1994,46
84427,32.23,1.3441,46
84519,32.3,6.9648,46
84613,32.26,2.6882,46
84706,32.15,4.0323,46
84798,32.1,1.2219,46
84891,32.32,4.6432,46
84983,32.23,2.1994,46
85076,31.98,3.1769,46
85170,31.92,2.6882,46
85262,32.13,3.1769,46
85355,32.01,1.5885,46
85448,32.01,2.566,46
85540,32.35,3.6657,47
85634,34.14,6.3539,47
85727,34.27,4.0323,47
85819,33.76,5.7429,47
85912,33.82,3.4213,47
86005,33.88,2.566,47
86097,33.91,2.9326,47
86191,33.86,2.1994,47
86284,33.86,6.1095,47
86376,33.83,3.9101,47
86469,33.99,4.6432,47
86561,33.86,2.9326,47
86654,33.95,1.8328,47
86748,33.86,4.2766,47
86840,33.81,5.132,47
86933,33.82,4.1544,47
87026,33.92,2.3216,47
87119,33.95,5.3763,47
87212,33.9,2.9326,47
87305,33.86,2.8104,47
87397,33.75,3.2991,47
87490,33.68,3.9101,47
87583,34.18,1.4663,48
87675,35.58,7.3314,48
87769,35.17,4.6432,48
87862,35.27,4.3988,48
87954,35.54,4.1544,48
88047,35.59,2.6882,48
88140,35.63,4.8876,48
88232,35.54,3.6657,48
88326,35.34,4.2766,48
88419,35.57,4.521,48
88511,35.55,3.1769,48
88604,35.41,2.9326,48
88696,35.45,4.2766,48
88790,35.25,2.6882,48
88883,35.17,4.6432,48
88975,35.16,1.7107,48
89068,35.19,5.8651,48
89161,35.27,2.9326,48
89253,35.36,6.3539,48
89347,35.4,2.8104,48
89440,35.17,1.2219,48
89532,35.61,3.4213,49
89625,36.68,5.6207,49
89718,37.01,4.1544,49
89810,36.77,4.1544,49
89904,37.03,5.9873,49
89997,36.77,4.7654,49
90089,36.71,6.8426,49
90182,36.87,3.9101,49
90275,37,5.0098,49
90368,36.6,7.2092,49
90461,36.72,3.6657,49
90553,37.18,4.521,49
90646,37.32,2.3216,49
90739,36.83,5.132,49
90832,36.73,3.9101,49
90925,36.75,1.7107,49
91018,36.72,2.9326,49
91110,36.58,6.5982,49
91203,36.84,3.9101,49
91296,36.99,3.4213,49
91388,36.97,1.2219,49
91482,36.9,4.8876,49
91575,37.49,4.2766,50
91667,38.85,6.8426,50
91760,38.63,6.8426,50
91853,38.15,3.2991,50
91945,37.77,5.132,50
92039,38.13,2.8104,50
92132,38.5,5.7429,50
92224,38.54,4.8876,50
92317,38.4,3.9101,50
92410,38.16,4.6432,50
92503,38.17,4.7654,50
92596,38.28,7.8201,50
92688,38.33,2.1994,50
92781,37.98,1.4663,50
92874,38.06,3.5435,50
92966,38.29,3.4213,50
93060,38.26,4.521,50
93153,38.02,1.8328,50
93245,38.06,6.5982,50
93338,38.12,5.7429,50
93431,38.08,3.5435,50
93523,38.3,4.2766,50
93617,39.52,6.4761,51
93710,40.01,5.0098,51
93802,39.54,4.521,51
93895,39.41,5.2542,51
93988,39.42,2.4438,51
94081,39.15,4.7654,51
94174,39.18,7.8201,51
94267,39.46,1.955,51
94359,39.5,2.0772,51
94452,39.25,2.4438,51
94544,39.51,1.8328,51
94638,39.52,4.3988,51
94731,39.35,4.1544,51
94823,39.23,1.955,51
94916,39.2,5.6207,51
95009,39.45,4.0323,51
95101,39.59,3.0547,51
95195,39.43,4.8876,51
95288,39.11,1.955,51
95380,39.33,5.0098,51
95473,39.4,5.4985,51
95566,39.9,6.4761,52
95659,41.16,3.7879,52
95752,40.9,2.6882,52
95845,40.82,1.955,52
95937,40.73,5.4985,52
96030,40.55,4.1544,52
96123,40.43,3.6657,52
96216,40.62,6.2317,52
96309,40.55,1.8328,52
96402,40.57,6.1095,52
96494,40.69,5.6207,52
96587,40.69,6.1095,52
96679,40.59,4.3988,52
96773,40.79,1.8328,52
96866,40.84,3.6657,52
96958,40.55,4.3988,52
97051,40.49,5.8651,52
97144,40.67,4.7654,52
97236,40.71,3.2991,52
97330,40.51,8.7977,52
97423,40.33,3.0547,52
97515,40.5,6.3539,52
97608,41.64,6.2317,53
97701,42.07,4.8876,53
97794,41.73,6.8426,53
97887,41.91,4.7654,53
97980,41.77,3.1769,53
98072,41.63,3.7879,53
98165,41.66,2.566,53
98258,41.94,5.132,53
98351,42.07,3.9101,53
98444,41.72,4.3988,53
98537,42.09,3.7879,53
98629,42.21,8.6755,53
98722,42,4.521,53
98814,41.99,5.7429,53
98908,42.18,6.1095,53
99001,42.35,2.6882,53
99093,42.16,5.6207,53
99186,41.86,6.3539,53
99279,41.82,6.1095,53
99372,41.85,2.9326,53
99465,41.91,2.9326,53
99558,42.24,5.0098,54
99650,43.51,8.4311,54
99743,43.41,2.6882,54
99836,43.24,5.0098,54
99929,43.08,3.1769,54
100022,42.99,8.4311,54
100115,43.19,5.3763,54
100207,43.36,6.5982,54
100300,43.55,6.1095,54
100392,43.3,5.2542,54
100486,43.23,3.4213,54
100579,43.35,1.7107,54
100671,43.2,2.8104,54
100764,43.17,5.8651,54
100857,43.21,2.6882,54
100950,43.31,4.521,54
101043,43.7,6.2317,54
101136,43.54,8.6755,54
101228,43.38,10.0195,54
101321,43.14,4.7654,54
101414,42.82,3.0547,54
101507,42.96,5.6207,54
101600,44.07,1.8328,55
101693,44.94,8.7977,55
101785,44.49,6.1095,55
101878,44.36,6.9648,55
101971,44.65,2.6882,55
102064,44.78,4.1544,55
102157,44.42,6.1095,55
102249,44.71,3.2991,55
102342,44.47,3.5435,55
102435,44.47,7.9423,55
102529,44.42,2.566,55
102621,44.47,4.1544,55
102714,44.71,5.132,55
102806,44.54,6.1095,55
102899,44.74,3.1769,55
102992,44.65,2.4438,55
103085,44.6,8.7977,55
103178,44.52,5.132,55
103271,44.49,7.8201,55
103363,44.69,3.2991,55
103456,44.45,6.1095,55
103549,44.81,4.8876,56
103642,46.04,5.4985,56
103735,45.82,8.6755,56
103827,46.05,5.7429,56
103920,45.93,6.7204,56
104013,45.82,6.4761,56
104105,45.82,5.4985,56
104199,45.7,3.5435,56
104292,45.77,4.521,56
104384,45.82,4.521,56
104477,45.99,7.5758,56
104570,45.73,3.4213,56
104663,45.82,3.5435,56
104756,45.75,5.132,56
104849,45.59,6.2317,56
104941,45.77,2.566,56
105034,45.91,2.6882,56
105127,45.98,6.2317,56
105220,45.83,3.7879,56
105313,45.84,3.5435,56
105406,45.89,6.2317,56
105498,45.77,7.3314,56
105591,46.55,2.6882,57
105684,47.55,4.8876,57
105777,47.24,7.087,57
105870,47.19,5.7429,57
105962,47.14,4.6432,57
106055,47.08,5.8651,57
106148,46.75,5.3763,57
106241,47.05,9.5308,57
106334,46.95,4.3988,57
106427,46.91,6.4761,57
106519,46.96,6.5982,57
106612,46.99,3.4213,57
106705,46.95,5.2542,57
106798,47,4.6432,57
106891,46.75,3.9101,57
106984,46.69,4.8876,57
107076,46.85,3.6657,57
107169,46.86,4.0323,57
107262,46.9,4.6432,57
107355,46.82,4.7654,57
107448,46.91,6.4761,57
107540,47.19,6.5982,58
107633,48.23,8.1867,58
107726,48.48,8.9198,58
107819,48.09,6.7204,58
107912,48.14,6.1095,58
108005,48.29,5.132,58
108097,48.28,6.3539,58
108190,48.12,6.9648,58
108283,48.15,9.7752,58
108376,48.35,5.6207,58
108469,48.24,7.4536,58
108562,48.26,4.8876,58
108654,48.34,6.1095,58
108747,48.39,5.3763,58
108840,48.47,7.4536,58
108933,48.31,5.132,58
109026,48.22,2.566,58
109119,48.2,5.0098,58
109211,48.1,2.566,58
109304,48.41,6.1095,58
109396,48.48,4.3988,58
109490,48.59,7.2092,58
109583,48.93,5.8651,59
109675,49.78,3.9101,59
109768,49.69,5.132,59
109861,49.77,9.4086,59
109954,49.53,6.4761,59
110047,49.27,3.4213,59
110140,49.41,6.8426,59
110232,49.6,6.1095,59
110325,49.49,3.1769,59
110418,49.42,6.3539,59
110511,49.53,9.4086,59
110604,49.4,4.1544,59
110697,49.67,2.8104,59
110789,49.44,5.4985,59
110882,49.42,4.2766,59
110974,49.55,5.3763,59
111068,49.82,5.7429,59
111161,49.41,6.3539,59
111253,49.49,7.3314,59
111346,49.66,3.6657,59
111439,49.42,8.1867,59
111532,49.55,7.8201,60
111625,50.86,5.0098,60
111718,51.62,9.2864,60
111810,51.11,5.6207,60
111903,50.75,5.7429,60
111996,50.73,6.5982,60
112089,50.88,5.9873,60
112182,51.02,8.0645,60
112275,50.98,4.8876,60
112367,50.9,8.5533,60
112460,51,6.8426,60
112552,50.97,7.9423,60
112646,50.92,4.7654,60
112739,50.78,3.7879,60
112831,50.91,6.2317,60
112924,50.91,2.9326,60
113017,50.83,8.3089,60
113110,50.79,6.1095,60
113203,50.78,4.7654,60
113296,50.76,9.042,60
113388,50.68,8.7977,60
113481,50.77,4.1544,60
113574,51.13,7.3314,61
113667,51.91,6.4761,61
113760,52.04,5.132,61
113853,52.07,4.0323,61
113945,51.83,8.0645,61
114038,51.63,5.132,61
114131,51.62,7.3314,61
114224,52.03,6.3539,61
114317,52.01,5.4985,61
114409,51.89,4.0323,61
114502,52.29,5.8651,61
114595,52.11,4.521,61
114688,52,5.0098,61
114781,52.18,4.7654,61
114874,52.07,7.2092,61
114966,52.14,3.9101,61
115059,52.23,4.7654,61
115152,52.06,5.2542,61
115245,51.89,4.3988,61
115338,52.1,5.132,61
115431,52.26,7.9423,61
115523,52.08,6.5982,62
115616,53.14,5.132,62
115709,53.56,8.3089,62
115802,53.3,9.042,62
115895,53.41,4.3988,62
115987,53.3,7.3314,62
116080,53.44,8.1867,62
116173,53.41,6.5982,62
116265,53.49,6.9648,62
116359,53.24,7.2092,62
116452,53.18,6.8426,62
116544,53.31,7.8201,62
116637,53.35,6.9648,62
116730,53.21,7.8201,62
116823,53.37,9.8974,62
116916,53.26,7.4536,62
117009,53.15,5.7429,62
117101,53.43,6.5982,62
117194,53.45,7.2092,62
117286,53.37,5.2542,62
117380,53.18,6.4761,62
117473,53.18,5.3763,62
117565,53.72,8.1867,63
117658,55.03,5.6207,63
117751,54.95,6.7204,63
117843,55.05,6.3539,63
117937,55.17,8.6755,63
118030,54.9,4.2766,63
118122,54.77,6.4761,63
118215,54.93,7.3314,63
118307,54.96,3.2991,63
118401,54.64,11.7302,63
118494,54.68,9.1642,63
118586,54.81,7.087,63
118679,54.78,4.3988,63
118772,54.92,8.5533,63
118864,54.88,6.9648,63
118958,54.74,5.7429,63
119051,54.73,10.1417,63
119143,54.65,10.1417,63
119236,54.52,5.2542,63
119329,54.52,6.2317,63
119421,54.68,5.8651,63
119515,54.77,7.8201,64
119608,55.66,8.9198,64
119700,56.16,4.521,64
119793,55.94,10.9971,64
119885,56,7.9423,64
119979,55.89,9.042,64
120072,55.72,6.2317,64
120164,55.79,5.0098,64
120257,55.78,3.9101,64
120350,55.82,7.4536,64
120443,55.63,6.8426,64
120536,55.69,9.1642,64
120629,55.94,7.6979,64
120721,56.14,6.4761,64
120814,56.07,7.5758,64
120907,55.76,8.5533,64
120999,55.99,8.7977,64
121093,55.95,6.8426,64
121185,56.18,4.2766,64
121278,55.95,6.4761,64
121371,55.64,7.2092,64
121464,55.68,8.4311,64
121556,56.35,5.132,65
121650,57.74,6.2317,65
121742,57.65,9.4086,65
121835,57.74,5.6207,65
121928,57.59,8.9198,65
122020,57.46,5.2542,65
122114,57.6,8.6755,65
122207,57.58,1.3441,65
122299,57.42,6.4761,65
122392,57.21,7.2092,65
122484,57.19,7.9423,65
122577,57.44,8.0645,65
122671,57.16,6.7204,65
122763,57.39,6.4761,65
122856,57.3,7.8201,65
122949,57.34,7.9423,65
123041,57.48,7.3314,65
123134,57.55,5.6207,65
123228,57.76,7.8201,65
123320,57.56,6.8426,65
123413,57.25,5.4985,65
123506,57.56,5.8651,65
123598,58.47,10.2639,66
123692,59.06,8.1867,66
123785,58.79,8.0645,66
123877,58.91,4.3988,66
123970,58.92,6.4761,66
124062,59,4.6432,66
124155,58.95,7.087,66
124249,58.8,7.6979,66
124341,58.82,12.0968,66
124434,58.89,2.566,66
124527,58.71,7.4536,66
124619,58.82,4.8876,66
124712,58.73,6.9648,66
124806,58.89,2.6882,66
124898,59.07,7.2092,66
124991,58.93,7.4536,66
125084,59.01,8.3089,66
125176,58.85,10.1417,66
125270,58.83,2.3216,66
125362,58.94,8.1867,66
125455,58.9,8.5533,66
125548,58.98,6.8426,67
125640,60.09,8.1867,67
125733,60.36,5.7429,67
125827,60.41,8.4311,67
125919,60.27,7.9423,67
126012,60.09,7.9423,67
126105,59.96,8.0645,67
126197,60.18,2.6882,67
126290,60.13,8.3089,67
126384,60.36,8.6755,67
126476,60.61,9.5308,67
126569,60.66,5.6207,67
126661,60.31,8.4311,67
126754,60.18,11.3636,67
126848,60.4,6.9648,67
126940,60.11,4.521,67
127033,60.08,4.2766,67
127126,60.4,5.6207,67
127218,60.45,6.4761,67
127311,60.18,9.1642,67
127405,60.29,8.1867,67
127497,60.47,7.8201,67
127590,61.14,7.6979,68
127683,61.86,7.8201,68
127775,61.47,10.9971,68
127868,61.45,7.6979,68
127961,61.36,8.6755,68
128054,61.41,8.3089,68
128147,61.36,8.3089,68
128239,61.5,6.7204,68
128332,61.5,7.9423,68
128425,61.32,5.7429,68
128518,61.5,10.3861,68
128611,61.42,8.1867,68
128704,61.36,8.9198,68
128796,61.52,6.2317,68
128889,61.59,7.3314,68
128982,61.41,8.7977,68
129075,61.25,8.4311,68
129168,61.26,9.5308,68
129260,61.23,7.4536,68
129353,61.41,4.521,68
129446,61.38,9.7752,68
129539,61.62,11.4858,69
129632,62.92,8.4311,69
129725,63.02,9.4086,69
129817,62.56,6.9648,69
129910,62.75,6.5982,69
130003,62.8,7.087,69
130096,62.81,7.3314,69
130189,62.7,6.1095,69
130281,62.77,7.9423,69
130374,62.75,4.3988,69
130467,62.48,7.2092,69
130560,62.43,11.2414,69
130653,62.4,8.7977,69
130746,62.41,7.8201,69
130838,62.56,7.6979,69
130931,62.5,7.5758,69
131024,62.5,12.4633,69
131117,62.66,10.3861,69
131210,62.64,7.5758,69
131303,62.99,7.9423,69
131395,62.96,5.4985,69
131488,62.61,7.4536,69
131581,63.39,7.087,70
131674,64.63,10.7527,70
131767,64.15,11.9746,70
131859,63.87,8.9198,70
131952,63.92,10.1417,70
132045,64.2,6.7204,70
132137,64.2,11.7302,70
132231,64.16,7.6979,70
132324,63.95,12.4633,70
132416,63.75,9.2864,70
132509,63.94,9.7752,70
132602,64.12,11.9746,70
132695,64.25,10.6305,70
132788,64.06,12.3412,70
132881,63.93,11.2414,70
132973,63.95,11.1193,70
133066,64.1,7.4536,70
133159,64.07,7.4536,70
133252,63.86,6.5982,70
133345,63.86,7.2092,70
133437,64.02,7.6979,70
133530,64.31,4.1544,71
133623,65.53,8.5533,71
133715,65.73,10.5083,71
133809,65.46,7.8201,71
133902,65.54,6.9648,71
133994,65.74,3.2991,71
134087,65.54,7.9423,71
134180,65.23,4.2766,71
134273,65.21,5.3763,71
134366,65.42,9.7752,71
134459,65.82,11.8524,71
134551,66.05,10.2639,71
134644,65.47,10.8749,71
134737,65.65,8.1867,71
134830,65.56,9.1642,71
134923,65.45,6.8426,71
135015,65.43,11.7302,71
135108,65.53,7.3314,71
135201,65.46,8.3089,71
135294,65.55,12.4633,71
135387,65.79,9.653,71
135480,65.71,5.9873,71
135572,66.12,6.4761,72
135665,67.28,8.4311,72
135758,67.08,10.9971,72
135851,66.74,6.9648,72
135944,66.7,8.5533,72
136037,66.83,7.5758,72
136129,67,7.2092,72
136222,67.03,7.3314,72
136315,66.87,11.3636,72
136408,66.94,11.7302,72
136501,66.68,6.9648,72
136593,66.86,3.1769,72
136686,66.71,10.5083,72
136779,66.74,9.7752,72
136871,66.76,6.7204,72
136965,66.66,11.3636,72
137058,66.78,11.4858,72
137150,66.82,9.042,72
137243,67.03,7.8201,72
137336,66.79,7.6979,72
137428,67.09,8.5533,72
137522,67.18,10.6305,73
137615,68.38,8.0645,73
137707,68.92,8.7977,73
137800,68.55,9.7752,73
137893,68.29,8.9198,73
137986,68.22,7.9423,73
138079,68.38,11.7302,73
138172,68.33,10.3861,73
138264,68.33,9.8974,73
138357,68.5,10.5083,73
138449,68.59,11.608,73
138543,68.34,8.7977,73
138636,68.28,10.6305,73
138728,68.06,8.7977,73
138821,68.09,11.3636,73
138914,68.14,11.9746,73
139006,68.48,9.4086,73
139100,68.56,6.7204,73
139193,68.47,9.042,73
139285,68.53,11.3636,73
139378,68.2,10.9971,73
139471,68.27,11.8524,73
139564,69.04,12.3412,74
139657,70.18,9.4086,74
139750,70.06,9.4086,74
139842,70.09,9.2864,74
139935,69.97,10.8749,74
140027,69.94,10.8749,74
140121,69.85,8.0645,74
140214,69.79,11.1193,74
140306,69.88,9.7752,74
140399,70.01,12.4633,74
140492,69.81,7.8201,74
140584,69.85,9.1642,74
140678,70,9.2864,74
140771,69.86,11.4858,74
140863,69.74,6.9648,74
140956,69.89,11.1193,74
141049,69.95,9.8974,74
141142,70.08,6.5982,74
141235,69.94,11.3636,74
141328,69.95,7.6979,74
141420,70.1,11.1193,74
141513,70.27,8.7977,75
141605,71.24,9.653,75
141699,72.06,9.2864,75
141792,71.68,9.2864,75
141884,71.43,9.042,75
141977,71.42,10.3861,75
142070,71.35,11.8524,75
142162,71.55,12.8299,75
142256,71.89,7.8201,75
142349,71.82,8.0645,75
142441,71.76,8.7977,75
142534,71.68,5.4985,75
142627,71.6,10.9971,75
142720,71.46,11.608,75
142813,71.45,4.2766,75
142906,71.59,10.3861,75
142998,71.59,11.2414,75
143091,71.17,11.8524,75
143183,71.45,13.0743,75
143277,71.45,12.7077,75
143370,71.32,12.5855,75
143462,71.58,8.0645,75
143555,72.1,10.8749,76
143648,73.41,9.1642,76
143740,73.45,11.1193,76
143834,73.28,8.1867,76
143927,73.59,6.3539,76
144019,73.36,9.7752,76
144112,73.17,10.1417,76
144205,73.37,9.8974,76
144297,73.45,12.219,76
144391,73.45,9.653,76
144483,73.67,11.7302,76
144576,73.54,7.8201,76
144669,73.34,5.8651,76
144761,73.34,11.2414,76
144855,73.32,9.653,76
144948,73.42,13.1965,76
145040,73.6,12.4633,76
145133,73.67,10.9971,76
145226,73.45,13.3187,76
145318,73.52,9.4086,76
145412,73.27,12.0968,76
145505,73.36,13.4409,77
145597,74.88,12.0968,77
145690,75.6,13.8074,77
145782,75.23,8.6755,77
145875,75.38,9.4086,77
145969,75.68,7.3314,77
146061,75.42,12.5855,77
146154,75.49,12.5855,77
146247,75.51,13.563,77
146339,75.43,11.9746,77
146433,75.4,9.5308,77
146526,75.32,12.4633,77
146618,75.33,12.219,77
146711,75.39,4.521,77
146803,75.34,13.4409,77
146896,75.43,10.7527,77
146990,75.62,13.3187,77
147082,75.74,8.3089,77
147175,75.64,8.4311,77
147268,75.51,12.3412,77
147360,75.57,11.8524,77
147453,75.34,8.4311,77
147547,75.94,6.4761,78
147639,77.26,12.219,78
147732,77.16,8.1867,78
147824,77.17,13.1965,78
147917,77.14,7.6979,78
148011,77.13,11.4858,78
148103,77.21,5.3763,78
148196,77.09,8.7977,78
148289,76.9,12.8299,78
148382,77.02,10.6305,78
148474,77.2,7.9423,78
148568,77.39,6.7204,78
148660,77.33,8.9198,78
148753,77.05,13.3187,78
148846,76.82,13.563,78
148938,76.68,9.7752,78
149031,77.04,9.2864,78
149125,77.38,13.0743,78
149217,77.2,9.8974,78
149310,77.1,11.2414,78
149402,76.8,12.9521,78
149495,76.79,10.5083,79
149588,77.86,10.8749,79
149681,78.48,11.3636,79
149774,78.04,7.8201,79
149867,78.05,7.6979,79
149959,78.35,14.0518,79
150052,78.73,5.6207,79
150146,78.82,13.3187,79
150238,78.77,13.3187,79
150331,78.48,13.9296,79
150424,78.46,8.9198,79
150516,78.78,6.1095,79
150609,78.95,9.653,79
150702,78.95,8.6755,79
150795,78.68,8.6755,79
150888,78.69,10.7527,79
150980,78.43,11.2414,79
151073,78.42,6.5982,79
151166,78.49,13.8074,79
151259,78.39,10.9971,79
151352,78.43,11.608,79
151445,78.61,12.219,79
151537,79.02,9.1642,80
151630,80.36,12.3412,80
151724,80.22,10.6305,80
151816,80.17,13.563,80
151909,80.23,9.042,80
152001,80.24,12.4633,80
152094,79.93,12.219,80
152187,80,8.7977,80
152280,80.36,11.2414,80
152373,79.97,13.4409,80
152466,79.83,12.3412,80
152558,79.64,10.3861,80
152651,79.79,13.563,80
152744,79.81,11.4858,80
152837,79.94,12.3412,80
152930,80.01,9.4086,80
153023,80.11,6.8426,80
153115,79.98,14.174,80
153208,79.63,14.5406,80
153300,79.81,10.6305,80
153394,79.91,10.0195,80
153487,79.72,13.8074,80
153579,80.49,11.4858,81
153672,81.55,8.9198,81
153765,81.19,13.6852,81
153858,81.58,7.087,81
153951,81.41,11.8524,81
154044,81.22,9.7752,81
154136,81.5,12.0968,81
154229,81.46,8.5533,81
154322,81.45,11.9746,81
154415,81.36,14.6628,81
154508,81.23,10.5083,81
154600,81.5,12.8299,81
154693,81.53,11.1193,81
154786,81.42,12.9521,81
154878,81.2,12.8299,81
154972,81.48,12.9521,81
155065,81.37,13.4409,81
155157,81.29,9.4086,81
155250,81.59,10.2639,81
155343,81.73,12.9521,81
155436,81.55,6.5982,81
155529,81.81,13.6852,82
155622,83.23,11.7302,82
155714,83.46,11.1193,82
155807,83,12.219,82
155899,83.18,8.5533,82
155993,83.53,10.1417,82
156086,83.7,15.6403,82
156178,83.64,12.5855,82
156271,83.49,13.1965,82
156364,83.05,10.8749,82
156456,83.18,13.8074,82
156550,83.22,12.8299,82
156643,83.52,9.8974,82
156735,83.46,15.5181,82
156828,83.13,10.3861,82
156921,83.51,11.8524,82
157014,83.48,8.7977,82
157107,83.22,11.1193,82
157200,83.53,12.9521,82
157292,83.4,14.0518,82
157385,83.19,13.563,82
157477,83.28,12.5855,82
157571,84.14,12.219,83
157664,85.21,11.3636,83
157757,85.1,12.7077,83
157849,85.01,10.7527,83
157942,85.18,8.6755,83
158034,85.05,14.5406,83
158128,85.06,11.608,83
158221,85.21,7.9423,83
158313,85.18,8.3089,83
158406,85.13,14.0518,83
158499,85.09,12.0968,83
158592,85.15,10.0195,83
158685,84.99,13.0743,83
158778,85.28,9.2864,83
158870,85.38,13.3187,83
158963,85.28,13.8074,83
159055,85.27,14.7849,83
159149,85.1,13.8074,83
159242,85.16,15.6403,83
159334,85.04,13.4409,83
159427,85.17,15.1515,83
159520,85.63,10.8749,84
159612,87,10.5083,84
159706,87.22,15.8847,84
159799,87.16,11.3636,84
159891,87.02,16.129,84
159984,87.26,15.7625,84
160077,86.86,11.8524,84
160169,86.94,12.5855,84
160263,86.84,15.2737,84
160356,87.05,12.3412,84
160448,86.96,16.3734,84
160541,87.19,14.174,84
160633,86.88,13.8074,84
160727,86.82,11.4858,84
160820,87.16,13.9296,84
160912,87.05,11.2414,84
161005,87.07,14.2962,84
161098,87.17,8.0645,84
161190,87.2,12.7077,84
161284,87.39,12.4633,84
161377,87.26,10.2639,84
161469,86.94,11.4858,84
161562,87.3,15.0293,85
161655,89.06,7.9423,85
161747,89,13.3187,85
161841,88.8,14.174,85
161933,88.95,12.8299,85
162026,89.2,11.1193,85
162119,89.01,14.0518,85
162211,88.84,12.7077,85
162305,88.96,9.1642,85
162398,88.87,14.6628,85
162490,88.77,16.4956,85
162583,88.89,8.5533,85
162676,89.15,11.9746,85
162768,89.05,12.9521,85
162862,89,9.4086,85
162955,89.14,14.5406,85
163047,88.98,8.7977,85
163140,88.87,13.563,85
163232,88.78,14.5406,85
163325,88.86,14.5406,85
163419,88.73,14.9071,85
163511,88.74,10.7527,86
163604,89.87,15.7625,86
163697,90.55,11.1193,86
163789,90.47,12.5855,86
163883,90.36,14.6628,86
163976,90.29,15.7625,86
164068,90.18,11.7302,86
164161,90.26,11.9746,86
164254,90.48,15.1515,86
164346,90.26,15.3959,86
164440,90.01,15.2737,86
164532,90.18,15.3959,86
164625,90.17,11.2414,86
164718,90.4,16.129,86
164810,90.36,14.4184,86
164903,90.35,13.0743,86
164997,90.33,11.1193,86
165089,90.27,12.7077,86
165182,90.19,11.7302,86
165275,90.02,10.8749,86
165367,90.08,16.8622,86
165460,89.85,9.4086,86
165554,90.97,12.3412,87
165646,92.32,13.0743,87
165739,91.85,11.1193,87
165831,91.68,14.0518,87
165924,91.74,14.6628,87
166018,91.95,14.0518,87
166110,91.99,16.9844,87
166203,92.2,15.2737,87
166296,91.92,15.3959,87
166388,92.03,9.4086,87
166481,92.1,13.9296,87
166575,92.01,15.2737,87
166667,92.23,10.8749,87
166760,92.22,13.6852,87
166853,92.06,11.1193,87
166945,92.28,15.1515,87
167038,92.2,10.6305,87
167132,91.93,10.6305,87
167224,91.92,10.3861,87
167317,92.03,14.0518,87
167410,91.9,12.7077,87
167502,92.25,14.174,88
167596,93.66,13.9296,88
167689,94.15,13.4409,88
167781,93.93,13.0743,88
167874,93.86,10.7527,88
167966,93.91,11.9746,88
168059,94.16,15.3959,88
168153,94.13,15.8847,88
168245,93.89,16.129,88
168338,94.04,13.6852,88
168431,94.41,11.4858,88
168523,94.15,16.129,88
168616,94.12,14.9071,88
168710,94.23,12.0968,88
168802,94.33,10.9971,88
168895,94.26,10.1417,88
168987,93.94,15.7625,88
169080,93.92,15.7625,88
169174,93.95,17.3509,88
169266,93.96,12.8299,88
169359,94.05,16.129,88
169452,93.83,16.0068,88
169544,94.69,10.5083,89
169637,96.1,12.0968,89
169731,95.59,16.129,89
169823,95.44,17.4731,89
169916,95.69,12.8299,89
170008,95.82,14.0518,89
170101,96,13.1965,89
170194,95.95,13.1965,89
170287,95.93,12.3412,89
170380,96.09,10.8749,89
170473,95.83,15.6403,89
170565,95.74,15.8847,89
170658,96.05,13.563,89
170752,96.02,17.7175,89
170844,95.63,12.219,89
170937,95.61,11.3636,89
171030,95.7,15.2737,89
171122,95.91,13.6852,89
171215,96.25,11.608,89
171309,95.85,14.4184,89
171401,95.66,16.8622,89
171494,95.87,18.3284,90
171586,97.33,17.5953,90
171679,97.65,11.608,90
171772,97.35,17.2287,90
171865,97.07,11.4858,90
171958,97.14,16.129,90
172051,97.03,12.8299,90
172143,97.23,15.1515,90
172236,97.37,14.0518,90
172329,97.14,11.9746,90
172422,97.21,16.74,90
172515,97.51,16.2512,90
172607,97.43,13.1965,90
172700,97.48,14.174,90
172793,97.45,12.3412,90
172886,97.28,15.8847,90
172979,97.25,14.4184,90
173072,97.14,16.129,90
173164,97.56,16.0068,90
173257,97.61,15.1515,90
173350,97.45,16.8622,90
173443,97.38,15.6403,90
173536,98.13,13.9296,91
173629,99.05,13.0743,91
173721,98.95,16.8622,91
173814,98.86,11.8524,91
173906,99.02,17.1065,91
174000,98.93,13.563,91
174093,99.05,11.8524,91
174185,99.28,17.9619,91
174278,99.55,17.8397,91
174371,99.28,16.9844,91
174464,99.14,16.6178,91
174557,99.17,14.7849,91
174649,99.09,16.2512,91
174742,99.31,12.7077,91
174835,99.24,14.9071,91
174927,98.88,14.6628,91
175021,98.66,15.2737,91
175114,98.6,14.6628,91
175206,98.79,14.7849,91
175299,98.99,12.4633,91
175392,98.76,17.5953,91
175484,98.85,19.306,92
175578,100.12,15.7625,92
175671,100.81,18.0841,92
175763,100.3,17.7175,92
175856,100.04,12.9521,92
175949,99.8,17.1065,92
176041,100.05,14.9071,92
176135,100.18,14.6628,92
176227,100.3,18.2063,92
176320,100.36,19.4282,92
176413,100.25,15.5181,92
176505,99.86,15.1515,92
176599,99.86,15.8847,92
176692,100.05,12.8299,92
176784,100.02,16.0068,92
176877,99.73,15.6403,92
176969,99.69,13.1965,92
177062,99.79,17.9619,92
177156,99.87,16.9844,92
177248,99.77,15.5181,92
177341,99.91,12.3412,92
177434,100.09,17.7175,92
177526,100.5,16.0068,93
177619,101.71,14.0518,93
177713,101.68,17.4731,93
177805,101.7,17.7175,93
177898,102,16.3734,93
177991,102.09,14.5406,93
178083,102.16,13.3187,93
178177,102.05,18.3284,93
178270,101.89,12.7077,93
178362,101.74,13.563,93
178455,101.77,12.3412,93
178547,101.69,16.74,93
178640,101.75,16.6178,93
178734,102.08,12.5855,93
178826,102.18,16.8622,93
178919,102.15,13.0743,93
179012,102.24,17.2287,93
179104,101.85,15.0293,93
179197,101.76,14.5406,93
179290,102.15,15.6403,93
179383,102.5,12.4633,93
179476,102.59,19.4282,94
179568,103.58,14.6628,94
179661,104.37,14.0518,94
179755,104.13,17.9619,94
179847,104.23,14.6628,94
179940,104.25,14.2962,94
180033,104.06,16.129,94
180125,104.04,16.3734,94
180218,104.06,14.4184,94
180312,104.08,15.5181,94
180404,104.06,18.2063,94
180497,103.73,18.8172,94
180590,103.28,18.695,94
180682,103.32,18.8172,94
180775,103.6,16.0068,94
180868,103.74,13.8074,94
180961,103.56,12.5855,94
181054,103.68,13.9296,94
181146,103.74,16.8622,94
181239,103.57,15.1515,94
181332,103.47,13.563,94
181425,103.23,16.3734,94
181518,103.94,21.0166,95
181610,105.66,15.3959,95
181703,105.77,15.0293,95
181796,105.59,13.8074,95
181889,105.55,14.9071,95
181982,105.83,18.695,95
182075,105.97,14.174,95
182167,105.69,16.129,95
182260,105.86,14.5406,95
182353,106.18,17.8397,95
182446,106.18,15.3959,95
182539,105.84,15.5181,95
182632,105.58,17.3509,95
182724,105.65,16.74,95
182817,105.52,14.7849,95
182910,105.75,17.7175,95
183003,106.05,15.2737,95
183096,105.97,13.6852,95
183188,105.9,15.5181,95
183281,106,13.8074,95
183374,106.2,17.5953,95
183467,106.43,15.3959,95
183560,106.89,15.5181,96
183653,107.35,20.1613,96
183745,107.4,19.6725,96
183838,107.25,17.4731,96
183930,107.25,14.0518,96
184024,107.41,18.5728,96
184117,107.56,14.5406,96
184209,107.46,14.6628,96
184302,107.63,20.7722,96
184395,107.52,12.8299,96
184487,107.82,15.5181,96
184581,107.85,15.8847,96
184674,107.47,19.0616,96
184766,107.42,18.2063,96
184859,107.31,13.0743,96
184951,107.45,16.3734,96
185044,107.57,15.3959,96
185138,107.4,15.1515,96
185230,107.4,16.74,96
185323,107.33,14.2962,96
185416,107.57,17.4731,96
185508,108.11,15.0293,97
185602,109.15,17.7175,97
185695,109.45,16.2512,97
185787,109.41,17.2287,97
185880,108.98,17.4731,97
185972,108.96,17.8397,97
186065,109,15.3959,97
186159,108.95,15.5181,97
186252,108.72,16.74,97
186344,108.66,15.7625,97
186437,108.87,15.2737,97
186529,108.99,14.5406,97
186622,108.69,14.6628,97
186716,108.48,13.9296,97
186808,108.63,15.8847,97
186901,108.67,17.4731,97
186993,108.87,14.7849,97
187086,108.86,19.4282,97
187180,108.55,18.9394,97
187272,108.56,20.5279,97
187365,108.71,16.0068,97
187458,108.93,21.1388,97
187550,109.69,20.4057,98
187643,110.5,15.1515,98
187737,110.37,15.8847,98
187829,110.4,20.0391,98
187922,110.12,15.8847,98
188014,110.13,17.4731,98
188107,110.27,17.9619,98
188200,110.18,21.0166,98
188293,110.45,15.0293,98
188386,110.41,17.8397,98
188479,110.09,20.65,98
188571,110.22,14.4184,98
188664,110.03,21.1388,98
188758,110,18.2063,98
188850,110.44,16.3734,98
188943,110.36,17.8397,98
189035,110.24,16.3734,98
189128,110.59,15.7625,98
189221,110.65,15.3959,98
189314,110.42,19.7947,98
189407,110.2,18.0841,98
189500,110.6,17.5953,99
189592,111.95,21.7498,99
189685,112.27,16.3734,99
189778,112.21,19.0616,99
189871,112.06,15.5181,99
189964,111.78,15.2737,99
190056,112,17.2287,99
190149,112.02,15.2737,99
190242,112.21,20.8944,99
190334,112.33,18.2063,99
190428,112.23,18.0841,99
190521,112.06,21.9941,99
190613,112.15,17.1065,99
190706,112.14,18.3284,99
190798,112.23,16.9844,99
190892,112.18,15.6403,99
190985,112.35,16.8622,99
191077,112.48,18.9394,99
191170,112.18,17.1065,99
191263,112.25,15.3959,99
191355,112.17,17.5953,99
191449,112.18,21.0166,99
191542,112.94,21.9941,100
191634,113.97,19.9169,100
191727,113.93,18.3284,100
191819,113.98,21.0166,100
191912,113.9,20.65,100
192006,114.07,16.3734,100
192098,114.11,17.9619,100
192191,114.26,18.0841,100
192284,114.23,16.129,100
192376,114.09,16.3734,100
192470,114.01,18.695,100
192562,113.99,20.4057,100
192655,114.09,21.8719,100
192748,113.82,20.0391,100
192840,113.77,21.8719,100
192933,113.89,17.5953,100
193027,113.57,21.5054,100
193119,113.75,18.9394,100
193212,114.24,16.8622,100
193305,113.91,16.6178,100
193397,113.5,15.3959,100
193490,113.26,16.2512,99
193583,112,18.8172,99
193676,111.83,16.129,99
193769,112.1,18.5728,99
193861,111.76,21.261,99
193954,111.85,17.2287,99
194048,111.93,20.7722,99
194140,111.78,20.4057,99
194233,111.95,17.5953,99
194326,112.02,16.8622,99
194418,112.1,19.6725,99
194511,112.32,21.0166,99
194604,112.39,16.74,99
194697,112.2,21.7498,99
194790,112.18,17.3509,99
194882,112.08,20.4057,99
194975,112.14,21.0166,99
195068,112.5,19.9169,99
195161,112.34,20.5279,99
195254,112.2,17.7175,99
195347,112.1,17.7175,99
195439,112.19,15.0293,99
195532,111.49,17.9619,98
195624,110.55,16.74,98
195718,110.45,18.695,98
195811,110.32,18.695,98
195903,110.64,16.4956,98
195996,110.43,19.4282,98
196089,110.57,20.2835,98
196182,110.36,20.1613,98
196275,110.28,16.2512,98
196368,110.49,16.0068,98
196460,110.65,16.9844,98
196553,110.55,19.0616,98
196645,110.37,15.1515,98
196739,110.41,14.4184,98
196832,110.43,16.129,98
196924,110.32,17.5953,98
197017,110.29,17.9619,98
197110,110.59,19.4282,98
197202,110.9,16.2512,98
197296,110.82,17.8397,98
197389,110.67,16.2512,98
197481,110.2,13.6852,97
197574,108.97,15.1515,97
197667,108.43,16.74,97
197760,108.77,19.0616,97
197853,108.56,15.2737,97
197945,108.61,18.2063,97
198038,108.73,15.5181,97
198131,108.7,13.8074,97
198223,108.41,15.7625,97
198317,108.33,19.5503,97
198409,108.48,17.5953,97
198502,108.96,19.9169,97
198595,109.03,19.7947,97
198687,108.66,18.9394,97
198780,108.44,15.7625,97
198874,108.37,19.9169,97
198966,108.65,20.7722,97
199059,108.7,15.2737,97
199152,108.88,15.8847,97
199244,108.94,15.3959,97
199337,108.77,15.5181,97
199430,108.74,20.0391,97
199523,108.09,17.9619,96
199616,106.9,19.5503,96
199708,106.91,19.1838,96
199801,106.85,19.306,96
199895,107.14,14.2962,96
199987,107.03,15.8847,96
200080,106.87,15.7625,96
200173,106.93,14.5406,96
200265,107.19,13.4409,96
200358,107.32,19.7947,96
200451,106.98,15.2737,96
200544,107.23,15.2737,96
200637,107.24,15.7625,96
200729,107.28,13.4409,96
200822,107.4,14.174,96
200915,107.55,18.4506,96
201008,107.4,19.5503,96
201101,107.32,16.129,96
201194,107.04,19.7947,96
201286,107.06,17.5953,96
201379,107.26,14.6628,96
201472,107.23,16.0068,95
201565,106.09,20.1613,95
201658,105.4,13.9296,95
201750,105.78,18.2063,95
201843,105.64,16.8622,95
201936,105.25,15.1515,95
202029,105.43,17.2287,95
202122,105.54,19.5503,95
202215,105.42,15.6403,95
202307,105.14,17.9619,95
202400,105.22,17.5953,95
202492,105.42,19.6725,95
202586,105.5,15.2737,95
202679,105.31,14.0518,95
202771,105.21,15.6403,95
202864,105.27,14.7849,95
202957,105.32,15.1515,95
203049,104.91,16.8622,95
203143,105.18,15.7625,95
203236,105.34,13.8074,95
203328,105.33,16.129,95
203421,105.39,14.2962,95
203513,104.64,16.129,94
203607,102.95,16.129,94
203700,102.8,15.6403,94
203792,102.92,18.2063,94
203885,103.05,16.2512,94
203978,103.14,14.6628,94
204070,102.85,14.0518,94
204164,102.94,15.6403,94
204257,103.06,15.1515,94
204349,103.23,13.4409,94
204442,103.42,18.0841,94
204534,103.02,17.4731,94
204627,102.82,14.5406,94
204721,102.96,18.2063,94
204813,103.23,12.9521,94
204906,103.09,14.7849,94
204999,103.05,14.4184,94
205091,102.67,17.9619,94
205185,102.83,14.2962,94
205278,102.92,13.563,94
205370,103.22,17.3509,94
205463,102.87,15.6403,93
205555,101.72,14.174,93
205648,100.93,13.3187,93
205742,101.03,16.3734,93
205834,100.92,18.5728,93
205927,100.91,18.2063,93
206020,100.86,18.9394,93
206112,101.14,16.2512,93
206205,101.25,12.8299,93
206298,101.23,16.74,93
206391,101.14,18.5728,93
206484,101.12,14.6628,93
206576,101.25,14.174,93
206669,101.12,14.4184,93
206763,101.16,16.0068,93
206855,101.27,14.0518,93
206948,101.27,15.5181,93
207041,100.9,12.5855,93
207133,100.8,14.4184,93
207226,100.95,13.1965,93
207320,101.14,14.4184,93
207412,101.03,13.6852,93
207505,100.77,16.8622,92
207597,99.28,13.6852,92
207690,99.32,17.7175,92
207783,99.45,13.3187,92
207876,99.35,13.6852,92
207969,99.5,18.8172,92
208061,99.63,12.8299,92
208154,99.64,11.9746,92
208247,99.59,18.4506,92
208339,99.57,17.2287,92
208433,99.51,18.0841,92
208526,99.63,13.3187,92
208618,99.35,18.2063,92
208711,99.46,12.9521,92
208804,99.49,13.563,92
208897,99.41,16.6178,92
208990,99.63,13.8074,92
209082,99.59,14.0518,92
209175,99.31,16.6178,92
209268,99.01,16.9844,92
209360,99.31,17.4731,92
209454,99.23,12.7077,92
209547,98.44,14.5406,91
209639,97.83,16.74,91
209732,98.09,14.9071,91
209825,98.1,12.219,91
209917,98.01,16.3734,91
210011,97.56,17.5953,91
210103,97.55,17.5953,91
210196,98.13,16.9844,91
210289,98.16,15.0293,91
210381,97.94,18.2063,91
210475,98.02,15.8847,91
210568,98.16,16.4956,91
210660,98.09,11.7302,91
210753,98.1,13.0743,91
210845,98.06,14.6628,91
210938,98.14,18.0841,91
211032,98.03,11.608,91
211124,97.96,17.3509,91
211217,98.04,14.6628,91
211310,98.14,12.4633,91
211402,98.04,14.5406,91
211495,97.82,16.4956,90
211589,96.63,11.3636,90
211681,96.26,15.5181,90
211774,96.41,15.7625,90
211866,96.64,15.5181,90
211959,96.67,17.7175,90
212052,96.65,15.8847,90
212145,96.62,16.74,90
212238,96.46,16.74,90
212331,96.52,12.0968,90
212423,96.7,16.0068,90
212516,96.61,17.7175,90
212610,96.65,15.3959,90
212702,96.81,11.7302,90
212795,96.81,11.9746,90
212887,96.79,13.9296,90
212980,96.64,12.3412,90
213073,96.83,14.5406,90
213166,96.73,12.4633,90
213259,96.64,12.7077,90
213352,96.56,11.7302,90
213444,96.76,11.9746,90
213537,95.59,16.2512,89
213630,94.79,13.9296,89
213723,95.08,14.174,89
213816,95.16,10.2639,89
213908,95.48,14.2962,89
214001,95.52,11.7302,89
214094,95.55,11.1193,89
214187,95.36,16.2512,89
214280,95.47,13.4409,89
214373,95.35,15.6403,89
214465,95.28,12.5855,89
214558,95.18,16.8622,89
214650,95.09,15.0293,89
214744,95.25,14.174,89
214837,95.37,16.74,89
214929,95.17,16.74,89
215022,95.12,13.563,89
215115,95.29,12.5855,89
215207,95.04,12.9521,89
215301,94.91,17.1065,89
215394,95.28,11.608,89
215486,94.87,12.9521,88
215579,93.55,13.0743,88
215671,93.14,13.9296,88
215764,93.21,11.7302,88
215858,93.23,16.129,88
215950,93.04,11.3636,88
216043,93.16,13.8074,88
216136,93.42,16.8622,88
216228,93.27,12.219,88
216322,93.34,10.2639,88
216414,93.31,13.6852,88
216507,93.04,11.608,88
216600,93.18,12.3412,88
216692,93.37,13.9296,88
216785,93.34,9.5308,88
216879,93.43,11.8524,88
216971,93.68,12.0968,88
217064,93.67,16.129,88
217157,93.78,15.3959,88
217249,93.79,11.2414,88
217342,93.91,16.74,88
217436,93.7,12.5855,88
217528,92.67,15.0293,87
217621,91.51,16.2512,87
217713,91.53,8.9198,87
217806,91.68,12.4633,87
217900,91.59,16.3734,87
217992,91.71,9.5308,87
218085,91.89,12.8299,87
218178,91.82,14.4184,87
218270,91.52,13.6852,87
218363,91.88,13.8074,87
218456,91.75,15.2737,87
218549,91.41,12.5855,87
218642,91.51,15.1515,87
218734,91.59,13.3187,87
218827,91.51,14.4184,87
218920,91.14,8.6755,87
219013,91.53,17.3509,87
219106,91.59,12.9521,87
219199,91.7,9.5308,87
219291,91.77,10.6305,87
219384,91.42,15.1515,87
219478,91.29,15.2737,86
219570,90.09,11.608,86
219663,89.47,12.0968,86
219755,89.65,9.2864,86
219848,89.66,13.1965,86
219941,89.53,10.9971,86
220034,89.61,12.5855,86
220127,89.74,11.2414,86
220220,89.58,9.8974,86
220312,89.73,15.5181,86
220405,89.7,11.7302,86
220498,89.46,10.9971,86
220591,89.73,14.6628,86
220684,89.79,11.7302,86
220776,89.9,10.8749,86
220869,89.82,15.3959,86
220962,89.58,13.6852,86
221054,89.67,16.3734,86
221148,89.64,13.6852,86
221241,89.59,12.219,86
221333,89.84,15.5181,86
221426,89.79,16.0068,86
221519,88.99,13.3187,85
221612,88.22,14.174,85
221705,88.53,11.3636,85
221797,88.66,9.7752,85
221890,88.58,12.8299,85
221983,88.33,15.0293,85
222075,88.45,8.1867,85
222169,88.64,10.1417,85
222262,88.56,9.7752,85
222354,88.37,13.563,85
222447,88.2,16.4956,85
222540,88.39,11.3636,85
222632,88.3,10.9971,85
222726,88.18,13.8074,85
222818,88.2,10.9971,85
222911,88.35,15.7625,85
223004,88.49,11.7302,85
223096,88.49,14.9071,85
223190,88.47,10.0195,85
223282,88.6,13.563,85
223375,88.8,13.6852,85
223468,88.41,10.3861,84
223560,86.98,14.174,84
223653,86.31,8.3089,84
223747,86.55,9.7752,84
223839,86.45,13.6852,84
223932,86.77,10.9971,84
224025,86.93,13.0743,84
224117,86.75,14.7849,84
224210,86.7,11.3636,84
224303,86.71,13.8074,84
224396,86.64,8.0645,84
224489,86.41,15.3959,84
224581,86.46,13.9296,84
224674,86.77,10.5083,84
224768,86.61,15.5181,84
224860,86.46,13.3187,84
224953,86.45,7.6979,84
225046,86.31,12.5855,84
225138,86.35,10.7527,84
225231,86.68,11.4858,84
225324,86.53,12.8299,84
225417,86.45,14.174,84
225510,86.01,9.653,83
225602,84.79,12.3412,83
225695,84.64,9.2864,83
225788,84.57,13.563,83
225881,84.7,12.3412,83
225974,84.51,9.5308,83
226066,84.82,10.2639,83
226159,85,13.1965,83
226252,84.75,12.219,83
226344,84.76,13.563,83
226438,84.95,13.1965,83
226531,85.23,13.1965,83
226623,85.02,13.1965,83
226716,84.88,15.1515,83
226809,84.72,15.5181,83
226902,84.99,13.8074,83
226995,84.98,10.7527,83
227087,84.97,9.4086,83
227180,84.85,14.174,83
227273,84.47,10.6305,83
227365,84.82,10.0195,83
227459,84.93,8.1867,82
227552,83.64,9.7752,82
227644,83.13,9.4086,82
227737,83.46,10.6305,82
227829,83.5,13.8074,82
227922,83.16,12.5855,82
228016,83.28,8.5533,82
228108,83.61,11.9746,82
228201,83.64,12.219,82
228294,83.39,12.9521,82
228386,83.47,14.0518,82
228480,83.55,13.0743,82
228573,83.77,9.653,82
228665,83.9,13.0743,82
228758,83.93,13.9296,82
228850,83.75,15.0293,82
228943,83.75,9.042,82
229037,83.59,6.9648,82
229129,83.65,13.4409,82
229222,83.63,9.4086,82
229315,83.82,12.3412,82
229407,83.68,14.5406,82
229500,83.13,12.9521,81
229594,81.54,14.7849,81
229686,81.63,10.3861,81
229779,81.75,10.1417,81
229871,81.6,10.3861,81
229964,82.02,14.7849,81
230057,81.91,11.4858,81
230150,81.81,13.6852,81
230243,81.86,13.3187,81
230336,81.77,8.9198,81
230428,81.73,10.2639,81
230521,81.99,11.7302,81
230614,81.86,9.4086,81
230707,81.71,12.3412,81
230800,81.64,8.4311,81
230892,81.73,11.8524,81
230985,81.6,13.6852,81
231078,81.55,7.3314,81
231171,81.78,11.4858,81
231264,81.69,12.7077,81
231357,81.51,13.8074,81
231449,81.39,8.6755,80
231542,80.32,12.3412,80
231634,79.52,13.4409,80
231728,79.85,12.3412,80
231821,80.04,10.7527,80
231913,80.05,11.1193,80
232006,80,9.042,80
232099,79.83,13.6852,80
232192,79.79,10.3861,80
232285,80.06,13.6852,80
232378,79.96,10.1417,80
232470,79.97,10.6305,80
232563,80.2,6.5982,80
232656,80.31,6.2317,80
232749,79.92,12.5855,80
232842,79.85,8.6755,80
232934,80.08,14.7849,80
233027,80.05,11.1193,80
233120,79.94,7.5758,80
233212,80.3,13.9296,80
233306,80.42,9.7752,80
233399,80.45,13.6852,80
233491,79.75,6.2317,79
233584,78.24,9.653,79
233677,78.54,12.5855,79
233769,78.63,12.3412,79
233863,78.73,10.7527,79
233955,78.59,7.2092,79
234048,78.65,9.8974,79
234141,78.56,8.1867,79
234233,78.53,9.042,79
234327,78.57,13.4409,79
234420,78.47,9.1642,79
234512,78.52,9.5308,79
234605,78.68,10.3861,79
234698,78.74,6.5982,79
234790,78.66,9.8974,79
234884,78.64,12.8299,79
234976,78.68,7.3314,79
235069,78.51,11.9746,79
235162,78.46,13.0743,79
235254,78.45,7.6979,79
235347,78.59,11.608,79
235441,78.7,9.653,78
235533,77.69,13.8074,78
235626,76.63,10.0195,78
235719,76.85,11.7302,78
235811,77.09,12.9521,78
235905,76.88,12.9521,78
235997,76.67,14.174,78
236090,77.04,11.8524,78
236183,77.3,8.6755,78
236275,77.14,8.9198,78
236368,77.18,14.0518,78
236462,77.37,13.3187,78
236554,77.25,10.9971,78
236647,77.35,12.4633,78
236740,77.33,8.1867,78
236832,77.31,9.653,78
236925,77.41,12.4633,78
237018,77.26,12.0968,78
237111,77.17,11.3636,78
237204,77.09,10.1417,78
237296,77.05,8.9198,78
237389,77.29,9.7752,78
237483,76.72,12.219,77
237575,75.34,8.3089,77
237668,75.38,12.7077,77
237761,75.48,9.653,77
237853,75.54,7.4536,77
237946,75.69,9.7752,77
238039,75.8,11.4858,77
238132,76.06,11.1193,77
238225,76.18,12.0968,77
238317,75.92,8.4311,77
238410,75.85,12.8299,77
238503,75.84,9.4086,77
238596,75.79,10.6305,77
238689,76.18,8.6755,77
238782,76.02,10.5083,77
238874,75.92,10.7527,77
238967,75.94,7.6979,77
239060,75.71,13.9296,77
239153,75.94,10.0195,77
239246,76.09,8.4311,77
239338,75.79,11.1193,77
239431,75.53,12.7077,77
239524,74.41,8.5533,76
239617,73.41,13.3187,76
239710,73.88,10.6305,76
239803,74.07,11.1193,76
239895,73.91,5.132,76
239988,73.76,9.2864,76
240080,73.84,11.608,76
240174,73.76,11.9746,76
240267,73.71,12.5855,76
240359,73.85,6.9648,76
240452,73.83,10.1417,76
240545,73.84,7.6979,76
240637,74.03,7.3314,76
240731,73.95,13.4409,76
240824,73.78,11.3636,76
240916,73.58,13.0743,76
241009,73.55,10.5083,76
241101,73.6,11.3636,76
241195,73.51,5.7429,76
241288,73.31,12.0968,76
241380,73.93,9.653,76
241473,73.48,7.4536,75
241566,72.09,10.9971,75
241658,72.01,12.3412,75
241752,72.23,8.9198,75
241845,72.34,10.2639,75
241937,72.61,11.7302,75
242030,72.44,10.8749,75
242122,72.29,12.7077,75
242215,72.38,10.6305,75
242309,72.56,4.7654,75
242401,72.31,11.4858,75
242494,72.66,12.3412,75
242587,72.69,13.563,75
242679,72.58,11.7302,75
242772,72.48,9.2864,75
242865,72.62,8.9198,75
242958,72.78,10.2639,75
243051,72.61,9.7752,75
243143,72.32,10.5083,75
243236,72.64,10.1417,75
243330,73.1,7.4536,75
243422,73,11.3636,75
243515,72.33,3.9101,74
243608,71.22,10.2639,74
243700,71.54,9.042,74
243793,71.81,10.3861,74
243886,71.33,6.3539,74
243979,71.16,9.8974,74
244072,71.55,5.6207,74
244164,71.7,10.5083,74
244257,71.5,7.8201,74
244350,71.24,7.4536,74
244443,71.21,7.8201,74
244536,71.52,8.7977,74
244629,71.25,10.0195,74
244721,70.93,7.9423,74
244814,70.82,10.2639,74
244908,70.45,7.4536,74
245000,70.29,7.2092,74
245093,70.03,9.4086,74
245185,70.04,10.6305,74
245278,70.12,8.5533,74
245371,69.62,6.7204,74
245464,69.32,11.608,73
245557,68.3,9.7752,73
245650,68.04,9.5308,73
245742,68.09,8.9198,73
245835,68.2,9.1642,73
245928,68.14,8.0645,73
246021,68.16,11.3636,73
246114,68.17,8.0645,73
246206,67.92,6.7204,73
246299,67.89,10.8749,73
246392,68,9.8974,73
246484,68.28,7.2092,73
246578,68.05,7.5758,73
246671,68.18,12.0968,73
246763,68.25,7.2092,73
246856,68.17,8.4311,73
246949,68.16,7.6979,73
247042,68.41,11.7302,73
247135,68.28,6.7204,73
247228,68.48,10.8749,73
247320,68.36,8.7977,73
247413,68.4,8.3089,73
247505,67.67,4.8876,72
247599,66.6,8.6755,72
247692,66.76,7.087,72
247784,66.84,7.6979,72
247877,66.64,12.0968,72
247970,66.59,7.4536,72
248062,66.69,6.3539,72
248156,66.95,6.5982,72
248249,67.36,11.7302,72
248341,67.32,9.042,72
248434,67.25,9.653,72
248526,67.26,8.3089,72
248620,67.29,7.2092,72
248713,67.3,7.4536,72
248805,67.36,8.3089,72
248898,67.22,11.8524,72
248991,67.41,8.5533,72
249083,67.35,7.8201,72
249177,67.42,8.4311,72
249270,67.44,7.6979,72
249362,67.46,7.2092,72
249455,67.09,10.3861,71
249547,66.06,9.042,71
249640,65.89,8.3089,71
249734,66.5,10.9971,71
249826,66.23,7.087,71
249919,66.08,10.3861,71
250012,66.19,8.9198,71
250104,66.11,10.6305,71
250198,66.08,11.2414,71
250291,66.27,7.9423,71
250383,66.37,6.8426,71
250476,66.43,6.9648,71
250569,66.4,8.9198,71
250661,66.15,9.042,71
250755,65.84,7.3314,71
250847,66.21,7.9423,71
250940,66.07,7.2092,71
251033,65.88,7.9423,71
251125,66.26,5.7429,71
251218,66.55,10.5083,71
251312,66.35,10.7527,71
251404,66.15,7.4536,71
251497,65.7,7.4536,70
251590,64.74,7.2092,70
251682,65.01,7.5758,70
251776,65.06,10.0195,70
251869,64.93,11.4858,70
251961,64.82,8.9198,70
252054,64.76,9.4086,70
252146,64.94,9.7752,70
252239,64.89,6.7204,70
252333,64.92,9.5308,70
252425,65.24,5.0098,70
252518,65.27,10.1417,70
252611,65.29,9.042,70
252703,65.1,10.3861,70
252796,64.96,6.1095,70
252890,65.13,8.3089,70
252982,65.29,8.9198,70
253075,65.09,7.087,70
253168,64.79,7.5758,70
253260,65.15,8.7977,70
253353,65.29,8.5533,70
253446,65.02,5.132,69
253539,63.84,10.2639,69
253632,63.2,5.4985,69
253724,63.24,11.8524,69
253817,63.19,10.7527,69
253911,63.32,8.7977,69
254003,63.32,5.9873,69
254096,63.54,10.3861,69
254189,63.68,3.2991,69
254281,63.58,4.1544,69
254374,63.64,8.4311,69
254468,63.45,10.3861,69
254560,63.51,10.5083,69
254653,63.77,6.3539,69
254745,63.56,11.608,69
254838,63.31,10.7527,69
254931,63.12,8.1867,69
255024,63.16,6.8426,69
255117,63.08,6.4761,69
255210,62.9,7.087,69
255302,63.06,5.3763,69
255395,62.91,6.9648,69
255489,62.56,7.5758,68
255581,61.1,7.3314,68
255674,61.1,8.9198,68
255766,61.14,5.3763,68
255859,61.22,5.9873,68
255952,61.22,9.7752,68
256045,60.82,8.7977,68
256138,61.13,6.5982,68
256231,61.31,4.2766,68
256323,61.3,5.0098,68
256416,61.22,7.4536,68
256509,61.18,7.8201,68
256602,61.15,5.2542,68
256695,60.95,7.6979,68
256787,61.09,6.7204,68
256880,61.57,5.7429,68
256973,61.41,5.6207,68
257065,61.26,7.3314,68
257159,61.28,7.9423,68
257252,61.37,7.2092,68
257344,61.55,7.9423,68
257437,61.43,8.5533,67
257530,60.59,7.3314,67
257623,59.9,11.8524,67
257716,60.06,9.8974,67
257809,60.09,3.0547,67
257901,60.09,9.042,67
257994,60.06,6.2317,67
258086,60.07,4.8876,67
258180,60.18,4.2766,67
258273,60.17,8.3089,67
258365,60.03,2.6882,67
258458,60.1,6.8426,67
258551,59.96,4.1544,67
258643,60.2,8.3089,67
258737,60.5,8.1867,67
258830,60.35,8.0645,67
258922,60.24,7.087,67
259015,60.52,6.3539,67
259107,60.45,7.6979,67
259201,60.25,7.8201,67
259294,60.18,9.042,67
259386,60.21,7.6979,67
259479,59.68,9.1642,66
259572,58.29,6.8426,66
259664,58.69,6.8426,66
259758,58.86,5.0098,66
259851,58.52,6.7204,66
259943,58.77,7.087,66
260036,58.96,5.8651,66
260128,58.95,7.4536,66
260221,58.8,4.8876,66
260315,58.76,5.6207,66
260407,58.86,6.7204,66
260500,58.91,5.9873,66
260593,58.85,8.0645,66
260685,58.95,10.0195,66
260779,59,7.4536,66
260872,58.74,7.6979,66
260964,59.01,8.1867,66
261057,59.04,10.7527,66
261149,59.1,4.7654,66
261242,59.29,6.8426,66
261336,59.34,8.7977,66
261428,58.92,7.4536,65
261521,57.95,4.521,65
261614,57.27,8.3089,65
261706,57.33,8.4311,65
261799,57.64,7.3314,65
261892,57.74,7.087,65
261985,57.81,6.7204,65
262078,57.75,7.2092,65
262170,57.33,10.2639,65
262263,57.51,9.1642,65
262356,57.85,5.9873,65
262449,57.99,6.2317,65
262542,57.85,7.6979,65
262635,57.53,10.6305,65
262727,57.27,7.3314,65
262820,57.57,7.2092,65
262913,57.82,6.8426,65
263006,57.84,7.4536,65
263099,57.65,7.6979,65
263191,57.4,6.8426,65
263284,57.29,9.1642,65
263377,57.48,8.0645,65
263470,57.14,7.5758,64
263563,55.9,7.3314,64
263656,56.03,5.7429,64
263748,56.15,6.3539,64
263841,56.26,10.3861,64
263933,56.31,5.6207,64
264027,56.22,7.2092,64
264120,56.19,8.0645,64
264212,55.99,3.7879,64
264305,55.99,7.4536,64
264398,55.96,2.4438,64
264491,56.36,5.132,64
264584,56.2,7.5758,64
264677,56,10.3861,64
264769,56.38,3.6657,64
264862,56.33,7.5758,64
264954,56.42,6.3539,64
265048,56.26,7.9423,64
265141,56.33,5.132,64
265233,56.41,5.132,64
265326,56.35,6.7204,64
265419,56.27,5.8651,64
265511,55.64,5.4985,63
265605,54.84,2.8104,63
265698,54.96,6.2317,63
265790,55.01,5.6207,63
265883,54.99,6.3539,63
265975,55.18,5.6207,63
266068,55.35,6.3539,63
266162,55.31,6.9648,63
266254,55.39,3.6657,63
266347,55.41,7.5758,63
266440,55.38,9.7752,63
266532,55.41,8.0645,63
266626,55.54,9.5308,63
266719,55.25,7.087,63
266811,55,2.9326,63
266904,55.03,6.5982,63
266996,55.3,9.8974,63
267089,55.2,7.087,63
267183,55.21,4.1544,63
267275,55.45,8.1867,63
267368,55.53,4.521,63
267461,55.05,7.5758,62
267553,53.87,9.5308,62
267646,53.82,7.5758,62
267740,54.05,4.521,62
267832,53.93,3.9101,62
267925,53.96,9.4086,62
268017,54.16,6.7204,62
268110,54.18,9.2864,62
268204,53.99,7.087,62
268296,54.01,6.7204,62
268389,54.08,7.9423,62
268482,54.05,4.6432,62
268574,54.08,3.6657,62
268667,54.03,4.521,62
268760,54.14,7.3314,62
268853,54.05,6.2317,62
268946,54.16,7.6979,62
269038,54.17,6.9648,62
269131,54.02,2.8104,62
269224,53.67,5.3763,62
269317,53.72,4.7654,62
269410,53.91,6.3539,62
269503,53.35,4.8876,61
269595,52.84,6.1095,61
269688,53.03,7.087,61
269780,53.04,8.6755,61
269874,52.83,6.9648,61
269967,52.93,2.8104,61
270059,53.27,8.0645,61
270152,53.41,8.0645,61
270245,53.48,7.4536,61
270338,53.23,5.6207,61
270431,52.79,4.3988,61
270524,52.83,8.3089,61
270616,52.84,5.2542,61
270709,52.96,7.2092,61
270801,53.07,5.4985,61
270895,53,7.3314,61
270988,53.1,7.087,61
271080,52.99,7.5758,61
271173,53,6.7204,61
271266,53.04,5.3763,61
271358,52.88,3.9101,61
271452,52.91,6.3539,60
271545,52,6.7204,60
271637,51.67,5.9873,60
271730,51.98,8.0645,60
271822,51.7,5.7429,60
271916,51.79,8.0645,60
272009,51.9,6.1095,60
272102,51.77,7.2092,60
272194,51.97,6.8426,60
272287,52.14,5.7429,60
272379,51.68,2.9326,60
272473,51.68,5.6207,60
272566,52.06,7.4536,60
272658,51.62,6.4761,60
272751,51.66,7.8201,60
272844,51.79,6.8426,60
272936,51.74,9.4086,60
273030,51.7,6.7204,60
273123,51.76,5.7429,60
273215,51.66,6.2317,60
273308,51.94,8.5533,60
273400,51.87,5.6207,60
273494,50.79,8.1867,59
273587,50.11,6.9648,59
273679,50.48,8.6755,59
273772,50.53,8.4311,59
273865,50.47,6.9648,59
273957,50.61,7.5758,59
274051,50.59,7.087,59
274143,50.5,7.3314,59
274236,50.62,5.2542,59
274329,50.55,4.3988,59
274421,50.38,5.8651,59
274514,50.26,5.4985,59
274608,50.62,6.3539,59
274700,50.7,5.9873,59
274793,50.82,4.1544,59
274886,50.5,6.2317,59
274978,50.66,4.7654,59
275072,50.81,8.6755,59
275165,50.68,5.9873,59
275257,50.35,6.1095,59
275350,50.61,9.2864,59
275442,50.48,5.3763,58
275535,49.31,6.8426,58
275629,49.17,4.6432,58
275721,49.36,7.6979,58
275814,49.14,7.8201,58
275907,49.03,8.9198,58
275999,49.28,5.6207,58
276092,49.21,4.8876,58
276185,49.04,5.6207,58
276278,48.77,5.8651,58
276371,48.86,4.1544,58
276463,49,3.7879,58
276556,49.06,3.7879,58
276649,49.05,6.2317,58
276742,48.91,5.8651,58
276835,48.92,4.3988,58
276928,48.8,6.9648,58
277020,48.64,9.042,58
277113,48.6,4.6432,58
277206,48.61,6.2317,58
277299,48.79,7.9423,58
277392,48.85,3.6657,58
277485,47.97,6.1095,57
277577,46.94,3.9101,57
277670,47.52,8.0645,57
277763,47.64,4.1544,57
277856,47.77,3.5435,57
277949,47.71,4.6432,57
278041,47.59,2.566,57
278134,47.54,4.1544,57
278226,47.66,1.3441,57
278320,47.43,7.2092,57
278413,47.49,3.6657,57
278505,47.44,5.9873,57
278598,47.45,4.6432,57
278691,47.37,7.3314,57
278784,47.38,7.3314,57
278877,47.21,4.3988,57
278970,47.34,6.2317,57
279062,47.49,3.1769,57
279155,47.34,3.9101,57
279248,47.38,4.8876,57
279341,47.21,6.8426,57
279434,47.09,5.8651,56
279526,45.83,8.5533,56
279619,46,4.6432,56
279712,46.28,4.6432,56
279804,46.23,7.087,56
279898,46.26,3.2991,56
279991,46.24,5.2542,56
280083,46.27,8.3089,56
280176,46.14,3.2991,56
280269,46.1,6.2317,56
280361,46.05,6.2317,56
280455,46.45,3.4213,56
280547,46.36,5.2542,56
280640,46.32,5.9873,56
280733,46.18,6.1095,56
280825,46.1,8.3089,56
280919,46.02,5.9873,56
281012,46.03,7.5758,56
281104,46.28,4.7654,56
281197,46.27,6.8426,56
281290,46.21,7.8201,56
281382,45.82,3.5435,56
281476,45.02,5.4985,55
281568,44.25,6.1095,55
281661,44.79,2.4438,55
281754,45.02,3.4213,55
281846,44.77,8.4311,55
281939,44.79,4.6432,55
282033,44.6,2.8104,55
282125,44.55,3.2991,55
282218,44.35,7.9423,55
282311,44.3,0.7331,55
282403,44.72,4.7654,55
282497,44.71,7.9423,55
282589,44.74,7.2092,55
282682,44.75,6.2317,55
282775,44.44,4.3988,55
282867,44.24,7.6979,55
282960,44.1,4.2766,55
283054,44.27,7.9423,55
283146,44.55,7.3314,55
283239,44.69,6.9648,55
283332,44.72,5.8651,55
283424,44.53,2.9326,54
283517,43.23,5.0098,54
283610,43.12,4.3988,54
283703,43.31,2.566,54
283796,43.05,2.9326,54
283889,43.19,2.6882,54
283981,43.45,5.132,54
284075,43.56,4.8876,54
284167,43.59,4.521,54
284260,43.53,7.4536,54
284353,43.36,3.1769,54
284445,43.33,7.4536,54
284538,43.14,2.9326,54
284631,43.1,6.8426,54
284724,43.11,4.6432,54
284817,43.27,1.8328,54
284910,43.32,3.0547,54
285002,43.09,6.2317,54
285095,42.98,6.9648,54
285188,43.12,2.9326,54
285281,43.41,5.6207,54
285374,43.27,4.2766,54
285466,42.58,2.1994,53
285559,41.68,1.955,53
285651,41.89,4.0323,53
285745,41.89,4.6432,53
285838,41.83,5.6207,53
285930,41.75,4.7654,53
286023,41.59,8.0645,53
286116,41.74,2.566,53
286209,41.42,3.7879,53
286302,41.61,3.5435,53
286395,41.91,4.0323,53
286487,42.07,5.8651,53
286580,41.88,6.2317,53
286672,41.61,8.1867,53
286766,41.83,3.4213,53
286859,41.83,2.8104,53
286951,41.99,6.5982,53
287044,41.88,5.6207,53
287137,41.92,3.2991,53
287229,42.2,7.9423,53
287323,42,4.0323,53
287416,41.66,6.7204,52
287508,40.37,5.4985,52
287601,40.23,5.3763,52
287694,40.81,4.3988,52
287787,40.78,4.8876,52
287880,40.63,4.0323,52
287972,40.67,7.2092,52
288065,40.46,3.5435,52
288158,40.46,4.521,52
288250,40.73,5.0098,52
288344,41.05,5.0098,52
288437,40.91,6.5982,52
288529,40.89,2.566,52
288622,40.8,5.7429,52
288715,40.62,3.1769,52
288807,40.82,6.7204,52
288901,40.73,3.7879,52
288993,40.89,6.9648,52
289086,40.9,6.5982,52
289179,40.88,4.3988,52
289271,40.73,4.2766,52
289364,40.66,2.1994,52
289458,40.27,5.8651,51
289550,38.77,5.8651,51
289643,39.09,4.3988,51
289736,39.26,0.9775,51
289828,39.17,4.8876,51
289922,39.22,2.9326,51
290014,39.2,3.2991,51
290107,39.3,2.9326,51
290200,39.08,5.8651,51
290292,39.05,2.6882,51
290385,38.87,6.8426,51
290479,38.83,8.0645,51
290571,39.07,8.1867,51
290664,39.19,6.5982,51
290757,39.14,2.1994,51
290849,38.98,1.5885,51
290942,38.91,4.1544,51
291035,39.1,0.9775,51
291128,39.03,6.1095,51
291221,38.91,6.9648,51
291313,38.99,7.087,51
291406,39.08,3.9101,51
291500,38.13,5.132,50
291592,37.95,3.0547,50
291685,37.95,4.1544,50
291778,38.33,5.132,50
291870,38.16,1.4663,50
291963,37.96,4.7654,50
292056,37.95,1.955,50
292149,37.9,3.7879,50
292242,37.91,3.7879,50
292334,37.92,4.2766,50
292427,37.63,3.2991,50
292520,37.65,3.9101,50
292613,37.59,2.3216,50
292706,37.73,4.2766,50
292799,37.96,4.0323,50
292891,37.93,5.8651,50
292984,37.94,2.8104,50
293078,38.22,5.8651,50
293170,38.12,5.132,50
293263,38.05,4.521,50
293355,38.04,5.4985,50
293448,37.4,3.9101,49
293541,36.27,3.6657,49
293634,36.69,2.4438,49
293727,36.84,2.566,49
293820,36.69,1.955,49
293912,36.74,2.4438,49
294005,36.62,2.3216,49
294098,36.62,2.8104,49
294191,36.67,1.955,49
294284,36.65,2.9326,49
294377,36.71,4.7654,49
294469,36.7,4.2766,49
294562,36.53,2.566,49
294654,36.67,4.2766,49
294748,37.11,5.2542,49
294841,36.77,1.5885,49
294933,36.81,4.7654,49
295026,36.73,6.4761,49
295119,36.64,4.1544,49
295212,36.8,4.2766,49
295305,36.79,5.0098,49
295397,36.5,1.7107,49
295490,35.43,4.7654,48
295583,34.56,1.955,48
295675,35.16,1.3441,48
295769,35.31,2.6882,48
295862,34.94,3.1769,48
295954,35.26,5.4985,48
296047,35.32,2.9326,48
296140,35.18,3.9101,48
296232,35.33,5.132,48
296326,35.34,4.2766,48
296418,35.17,5.7429,48
296511,35.18,1.2219,48
296604,35.04,3.0547,48
296696,34.92,3.7879,48
296790,35.13,2.4438,48
296883,35.07,3.6657,48
296975,35.21,6.3539,48
297068,35.31,5.3763,48
297161,35.28,6.7204,48
297253,35.32,6.1095,48
297347,35.49,4.7654,48
297439,35,4.7654,47
297532,33.21,3.1769,47
297625,33.7,4.0323,47
297717,34.08,7.6979,47
297810,33.81,3.0547,47
297904,33.45,4.8876,47
297996,33.63,3.7879,47
298089,33.59,4.0323,47
298182,33.71,1.955,47
298274,33.72,2.8104,47
298368,33.77,3.2991,47
298460,33.95,4.0323,47
298553,34.19,2.4438,47
298646,34.18,6.7204,47
298739,33.77,2.9326,47
298831,33.96,5.4985,47
298925,33.98,3.4213,47
299017,33.82,4.1544,47
299110,33.85,2.8104,47
299203,34,2.8104,47
299295,34.11,4.1544,47
299388,34.07,4.3988,47
299481,32.77,1.4663,46
299574,31.62,1.7107,46
299667,32.15,6.1095,46
299759,32.33,7.4536,46
299852,32.45,2.566,46
299945,32.59,2.566,46
300038,32.46,3.7879,46
300131,32.45,4.2766,46
300223,32.55,6.4761,46
300316,32.41,2.3216,46
300409,32.47,1.5885,46
300502,32.56,7.2092,46
300595,32.33,3.0547,46
300688,32.27,1.955,46
300780,32.45,4.521,46
300873,32.83,4.1544,46
300966,32.8,4.2766,46
301059,32.56,1.5885,46
301152,32.37,2.3216,46
301244,32.14,3.6657,46
301337,32.39,5.7429,46
301430,32.08,5.3763,45
301522,30.81,1.2219,45
301616,30.95,1.3441,45
301709,31.09,3.5435,45
301801,31.15,1.5885,45
301894,31.25,3.4213,45
301987,31.35,1.7107,45
302080,31.34,3.1769,45
302173,31.05,5.0098,45
302265,31.09,2.9326,45
302358,31.12,2.4438,45
302451,30.86,2.8104,45
302543,31.21,2.566,45
302637,31.23,2.6882,45
302730,31.05,6.2317,45
302822,31.07,1.955,45
302915,31.34,4.1544,45
303007,31.38,3.5435,45
303100,30.98,5.0098,45
303194,30.98,3.1769,45
303286,31.01,0.7331,45
303379,30.99,4.1544,45
303472,30.16,2.8104,44
303564,29.35,2.6882,44
303657,29.79,3.9101,44
303751,29.94,7.4536,44
303843,29.8,2.9326,44
303936,29.76,1.2219,44
304028,29.71,5.7429,44
304121,29.39,3.4213,44
304215,29.77,5.3763,44
304307,29.71,5.3763,44
304400,29.68,3.0547,44
304493,29.89,5.0098,44
304585,29.77,4.6432,44
304678,29.98,1.8328,44
304772,29.76,5.0098,44
304864,29.58,2.566,44
304957,29.77,4.1544,44
305050,29.5,2.9326,44
305142,29.9,3.7879,44
305235,29.86,0.9775,44
305328,29.55,4.1544,44
305421,29.46,2.0772,43
305514,28.31,3.5435,43
305606,28.32,3.2991,43
305699,28.56,1.3441,43
305792,28.67,1.5885,43
305885,28.5,2.1994,43
305978,28.27,3.6657,43
306070,28.64,1.5885,43
306163,28.67,3.1769,43
306256,28.43,4.3988,43
306349,28.73,3.7879,43
306442,28.72,2.566,43
306535,28.66,1.955,43
306627,28.55,1.3441,43
306720,28.48,3.2991,43
306812,28.42,1.955,43
306906,28.42,1.0997,43
306999,28.64,3.5435,43
307091,28.64,4.7654,43
307184,28.97,5.0098,43
307277,28.7,1.8328,43
307369,28.67,2.9326,43
307463,27.95,4.0323,42
307556,26.73,2.1994,42
307648,27.48,3.2991,42
307741,27.49,2.4438,42
307833,27.49,4.0323,42
307927,27.38,2.566,42
308020,27.56,3.2991,42
308112,27.14,3.0547,42
308205,27.34,2.9326,42
308298,27.65,3.5435,42
308390,27.55,3.1769,42
308484,27.49,2.566,42
308576,27.46,3.0547,42
308669,27.35,0.6109,42
308762,27.6,2.4438,42
308854,27.73,3.1769,42
308947,27.6,2.1994,42
309041,27.42,5.2542,42
309133,27.72,1.8328,42
309226,27.68,3.4213,42
309319,27.7,3.0547,42
309411,27.32,1.7107,41
309505,25.43,0.8553,41
309597,25.86,1.4663,41
309690,26.18,2.3216,41
309783,26.79,2.9326,41
309875,26.61,2.566,41
309968,26.46,0.8553,41
310062,26.64,2.3216,41
310154,26.68,2.9326,41
310247,26.48,2.3216,41
310340,26.51,1.2219,41
310432,26.6,2.566,41
310525,26.75,5.0098,41
310618,26.61,4.7654,41
310711,26.62,2.3216,41
310804,26.8,2.1994,41
310896,26.76,3.6657,41
310989,26.52,1.3441,41
311083,26.73,1.7107,41
311175,26.84,3.1769,41
311268,26.45,3.2991,41
311361,26.41,4.521,41
311453,25.64,1.4663,40
311546,23.86,4.6432,40
311639,24.42,4.0323,40
311732,24.73,3.9101,40
311825,24.66,3.1769,40
311917,24.81,1.4663,40
312010,24.68,3.2991,40
312103,24.59,4.3988,40
312196,24.77,5.0098,40
312289,24.89,3.6657,40
312382,24.6,1.7107,40
312474,24.32,2.4438,40
312567,24.41,4.2766,40
312659,24.54,2.8104,40
312753,24.53,4.521,40
312846,24.36,2.1994,40
312938,24.62,1.7107,40
313031,24.51,0.4888,40
313124,24.68,2.1994,40
313217,24.5,2.3216,40
313310,24.54,2.0772,40
313403,24.75,1.2219,39
313495,23.18,2.3216,39
313588,22.69,3.5435,39
313680,23.31,2.0772,39
313774,23.27,3.7879,39
313867,23.32,1.955,39
313959,23.5,0.8553,39
314052,23.44,0.9775,39
314145,23.33,2.8104,39
314237,23.23,2.8104,39
314331,23.17,3.6657,39
314424,23.34,0.2444,39
314516,23.12,1.0997,39
314609,23.14,2.566,39
314701,23.15,3.1769,39
314795,23.13,1.5885,39
314888,23.25,3.0547,39
314980,23.01,1.0997,39
315073,23,0.8553,39
315166,23.18,1.2219,39
315258,23.23,1.4663,39
315352,23.43,2.6882,39
315445,22.65,1.3441,38
315537,21.4,2.1994,38
315630,22.11,0.6109,38
315722,22.45,0.9775,38
315815,22.39,2.4438,38
315909,22.23,2.1994,38
316001,22.22,2.6882,38
316094,22.3,0.7331,38
316187,22.28,0.4888,38
316279,22.22,1.955,38
316372,22.15,2.6882,38
316466,22.1,2.3216,38
316558,22.24,1.955,38
316651,22.15,2.9326,38
316744,22.18,4.2766,38
316836,22.33,3.7879,38
316930,22.32,1.3441,38
317022,22.19,2.9326,38
317115,22.05,1.8328,38
317208,22.07,0.7331,38
317300,22.03,1.955,38
317393,21.96,3.1769,37
317487,20.54,2.9326,37
317579,20.12,1.3441,37
317672,20.82,3.4213,37
317765,20.87,2.6882,37
317857,20.74,0.8553,37
317950,20.85,1.3441,37
318043,20.85,2.1994,37
318136,20.95,2.6882,37
318229,20.83,3.0547,37
318321,20.77,1.3441,37
318414,20.86,0.9775,37
318508,21.09,1.3441,37
318600,20.98,0.8553,37
318693,20.88,1.4663,37
318785,20.91,0,37
318878,20.81,2.3216,37
318971,20.79,2.3216,37
319065,20.77,4.1544,37
319157,20.68,3.5435,37
319250,20.67,1.3441,37
319342,20.58,0.7331,37
319435,20.07,0.9775,36
319528,18.91,0.9775,36
319621,19.59,1.5885,36
319714,19.61,1.4663,36
319806,19.75,1.0997,36
319899,19.7,1.7107,36
319992,19.69,2.4438,36
320084,19.66,2.1994,36
320178,19.71,2.6882,36
320271,19.7,3.1769,36
320363,19.72,0.8553,36
320456,19.75,2.4438,36
320549,19.71,0.7331,36
320642,19.69,2.9326,36
320735,19.59,1.4663,36
320827,19.59,5.0098,36
320920,19.38,1.7107,36
321013,19.45,1.8328,36
321105,19.62,0.9775,36
321199,19.94,1.8328,36
321292,19.72,1.3441,36
321384,19.47,1.0997,36
321477,18.41,3.0547,35
321570,17.93,1.2219,35
321662,18.31,1.0997,35
321756,18.15,2.4438,35
321848,18.38,1.8328,35
321941,18.41,2.6882,35
322034,18.54,2.1994,35
322126,18.28,1.7107,35
322220,18.35,1.0997,35
322313,18.57,2.6882,35
322405,18.28,1.955,35
322498,18.5,1.7107,35
322591,18.27,1.955,35
322683,18.29,1.5885,35
322777,18.39,2.3216,35
322869,18.45,1.0997,35
322962,18.55,1.7107,35
323055,18.59,0.7331,35
323147,18.57,1.2219,35
323240,18.55,1.7107,35
323334,18.47,1.5885,35
323426,18.03,1.3441,34
323519,16.64,2.6882,34
323612,17.25,2.0772,34
323704,17.35,2.3216,34
323798,17.15,1.2219,34
323891,17.09,2.6882,34
323983,17.26,2.1994,34
324076,17.35,2.4438,34
324168,17.41,1.4663,34
324261,17.54,1.5885,34
324355,17.32,1.5885,34
324447,17.09,2.3216,34
324540,17.41,1.3441,34
324633,17.41,1.5885,34
324725,17.31,1.3441,34
324818,17.23,1.8328,34
324912,17.11,1.3441,34
325004,17.25,1.955,34
325097,17.23,1.0997,34
325189,17.34,2.4438,34
325282,17.41,0.8553,34
325376,17.14,1.5885,34
325468,16.03,1.8328,33
325561,15.36,0.9775,33
325654,16.17,0.6109,33
325746,16.35,2.6882,33
325839,16.68,1.2219,33
325933,16.47,1.8328,33
326025,16.42,1.7107,33
326118,16.19,0.3666,33
326210,16.26,0.1222,33
326303,16.24,0.7331,33
326396,16.2,2.8104,33
326489,16.58,0.6109,33
326582,16.39,1.8328,33
326675,16.01,2.6882,33
326767,15.98,1.955,33
326860,16.47,0.2444,33
326953,16.33,3.9101,33
327046,16.38,1.955,33
327139,16.23,1.3441,33
327232,16.15,1.7107,33
327324,16.43,2.1994,33
327417,16.18,0.9775,32
327511,14.48,0.8553,32
327603,14.83,1.8328,32
327696,15.3,2.3216,32
327788,15.06,2.0772,32
327881,15.33,1.7107,32
327974,15.45,1.8328,32
328067,15.07,2.0772,32
328160,15.19,0.7331,32
328253,15.41,1.4663,32
328345,15.43,1.4663,32
328438,15.11,1.0997,32
328531,15.22,0.2444,32
328624,15.51,2.8104,32
328717,15.41,0.3666,32
328809,15.31,2.566,32
328902,15.1,1.5885,32
328995,15.19,1.955,32
329088,15.21,4.2766,32
329181,15.26,0.7331,32
329274,15.27,0.9775,32
329366,15.09,1.8328,32
329459,13.96,0.6109,31
329552,13.54,0.2444,31
329645,14.17,1.5885,31
329738,14.14,1.8328,31
329831,14.23,0.9775,31
329923,14.3,2.4438,31
330016,14.59,0.9775,31
330108,14.6,0.7331,31
330202,14.5,1.8328,31
330295,14.31,0.1222,31
330387,14.26,1.8328,31
330480,14.17,3.1769,31
330573,14.16,1.8328,31
330665,14.16,0.6109,31
330759,14.25,0.8553,31
330852,14.35,1.0997,31
330944,14.19,2.4438,31
331037,14.06,1.0997,31
331130,14.21,2.9326,31
331223,14.25,1.7107,31
331316,14.1,1.3441,31
331409,13.84,1.5885,30
331501,12.8,0.9775,30
331594,13.11,2.566,30
331686,13.49,0.6109,30
331780,13.14,2.3216,30
331873,13.16,1.8328,30
331965,13.11,1.3441,30
332058,13.13,0.3666,30
332151,13.07,1.5885,30
332243,13.14,1.8328,30
332337,13.2,2.4438,30
332430,13.25,2.566,30
332522,13.31,1.7107,30
332615,12.97,1.5885,30
332708,12.86,0.6109,30
332801,12.95,1.2219,30
332894,13.15,1.7107,30
332986,13.37,1.2219,30
333079,13.35,0.6109,30
333172,13.4,0.9775,30
333264,13.18,1.7107,30
333358,13.05,2.1994,30
333451,12.18,1.0997,29
333543,11.24,1.7107,29
333636,11.96,1.4663,29
333729,12.1,0.7331,29
333821,12.16,0.7331,29
333915,12.17,0.7331,29
334008,12.07,1.3441,29
334100,12.02,0.3666,29
334193,12.31,0.7331,29
334285,12.29,0.6109,29
334379,12.15,0.7331,29
334472,12,0.4888,29
334564,12.08,1.955,29
334657,12.25,0.8553,29
334750,12.46,2.4438,29
334842,12.38,0.8553,29
334936,12.33,2.3216,29
335029,12.28,1.2219,29
335121,11.95,1.4663,29
335214,12.18,1.3441,29
335306,12.44,1.8328,29
335399,12.28,1.2219,28
335493,10.87,1.5885,28
335585,10.86,1.4663,28
335678,11.15,2.0772,28
335771,11.04,0.7331,28
335863,11.24,1.5885,28
335956,11.41,0.8553,28
336050,11.19,1.2219,28
336142,11.32,0.6109,28
336235,11.57,0.8553,28
336328,11.36,1.4663,28
336420,11.5,0.4888,28
336514,11.75,1.4663,28
336606,11.46,1.4663,28
336699,11.15,0.8553,28
336792,11.35,0.9775,28
336884,11.54,1.2219,28
336977,11.47,1.5885,28
337071,11.37,2.3216,28
337163,11.38,0.6109,28
337256,11.32,1.2219,28
337349,11.32,0.8553,28
337441,10.77,1.3441,27
337534,10.05,0.8553,27
337628,10.56,1.8328,27
337720,10.56,1.3441,27
337813,10.55,1.2219,27
337905,10.72,0.9775,27
337998,10.69,0.1222,27
338092,10.47,0.8553,27
338184,10.61,1.3441,27
338277,10.5,0.4888,27
338370,10.51,1.2219,27
338462,10.63,1.2219,27
338555,10.71,0.6109,27
338649,10.96,0.9775,27
338741,10.85,0.9775,27
338834,10.62,1.2219,27
338926,10.49,0.7331,27
339019,10.5,1.5885,27
339112,10.77,0.1222,27
339205,10.65,1.955,27
339298,10.47,1.2219,27
339391,10.45,1.3441,26
339483,9.36,0.3666,26
339576,9.37,0.4888,26
339670,9.87,1.3441,26
339762,9.81,1.3441,26
339855,9.72,0.8553,26
339948,9.87,0.7331,26
340040,9.92,0.6109,26
340133,10.02,1.0997,26
340226,10.09,1.2219,26
340319,9.98,1.4663,26
340412,9.9,1.2219,26
340504,9.79,0.6109,26
340597,9.85,0.7331,26
340690,9.8,0.9775,26
340783,9.84,0.2444,26
340876,10.04,0.7331,26
340969,9.83,0.3666,26
341061,9.89,1.7107,26
341154,10,0.6109,26
341248,9.95,0.3666,26
341340,10,0.4888,26
341433,9.45,0.9775,25
341525,8.48,0.9775,25
341618,9.27,1.7107,25
341711,9.14,0.9775,25
341804,9.01,0.6109,25
341897,9.39,1.0997,25
341990,9.27,0.7331,25
342082,9.09,1.4663,25
342175,9.14,0.3666,25
342268,9.37,0.7331,25
342361,9.59,0.2444,25
342454,9.32,0.6109,25
342547,9.2,1.0997,25
342639,8.93,0.4888,25
342732,9.14,0.9775,25
342824,9.16,1.8328,25
342918,9.06,1.3441,25
343011,9.11,0.7331,25
343103,9.08,0.7331,25
343196,9.4,1.2219,25
343289,9.5,0.2444,25
343382,9.19,0.8553,24
343475,8.03,1.2219,24
343568,8.18,0.3666,24
343660,9.03,1.3441,24
343753,8.82,1.4663,24
343846,8.48,0.4888,24
343939,8.86,2.4438,24
344032,9.04,1.3441,24
344124,8.84,1.0997,24
344217,8.75,0.6109,24
344310,8.77,1.4663,24
344402,8.84,0.8553,24
344496,8.74,0.9775,24
344589,8.66,1.2219,24
344681,8.77,0.6109,24
344774,8.84,0.8553,24
344867,8.98,0.8553,24
344960,8.7,0.3666,24
345053,8.52,0.8553,24
345146,8.79,1.2219,24
345238,8.89,0,24
345331,9.09,0.7331,24
345424,8.56,1.4663,23
345517,7.05,0.6109,23
345610,7.88,0.8553,23
345702,8.24,0.9775,23
345795,8.35,0.2444,23
345888,8.29,0.8553,23
345980,8.49,0.8553,23
346074,8.07,0.4888,23
346167,7.98,1.2219,23
346259,7.96,0.7331,23
346352,7.77,1.955,23
346445,8.14,0.1222,23
346537,8.34,0.9775,23
346631,8.21,0.7331,23
346723,8.11,1.3441,23
346816,8.14,0.7331,23
346909,8.06,1.5885,23
347002,7.95,1.2219,23
347095,8.08,0.9775,23
347188,7.97,0.8553,23
347280,8.05,0.9775,23
347373,7.8,0.7331,22
347466,6.8,1.0997,22
347558,6.83,0,22
347652,7.18,1.8328,22
347744,7.16,0.6109,22
347837,7.17,0.7331,22
347930,7.31,0.6109,22
348022,7.62,2.1994,22
348115,7.38,0.2444,22
348209,7.1,0.9775,22
348301,7.25,0.3666,22
348394,7.27,1.3441,22
348487,7.43,0.8553,22
348579,7.35,0.4888,22
348673,7.32,0.9775,22
348765,7.26,0.7331,22
348858,7.41,1.0997,22
348951,7.13,0.3666,22
349043,7.19,1.3441,22
349136,7.36,0.6109,22
349230,7.33,1.5885,22
349322,7.27,1.0997,22
349415,7.05,0.9775,21
349508,5.75,1.3441,21
349600,6.35,1.5885,21
349693,6.86,0.3666,21
349786,6.94,0,21
349879,6.72,0.7331,21
349972,6.86,0.6109,21
350064,7.07,0.9775,21
350157,6.82,1.3441,21
350251,6.81,0.7331,21
350343,6.91,0.2444,21
350436,6.82,1.0997,21
350529,6.84,0.6109,21
350621,7.03,0.3666,21
350714,7.18,0.9775,21
350808,6.96,0.7331,21
350900,7.04,0.4888,21
350993,6.9,0.3666,21
351085,6.8,1.4663,21
351178,6.78,0.8553,21
351271,6.65,0.3666,21
351364,6.78,1.0997,21
351457,5.71,0.7331,20
351550,5.25,0.1222,20
351642,5.91,0.6109,20
351735,5.98,0.7331,20
351828,6.11,1.8328,20
351921,6.06,0.2444,20
352014,6.09,0.3666,20
352106,6.03,1.955,20
352199,6.1,0.6109,20
352292,6,1.7107,20
352385,6.09,0.3666,20
352478,6.2,1.0997,20
352571,5.98,0.7331,20
352663,5.9,0.3666,20
352756,6,0.6109,20
352849,5.98,0.9775,20
352942,6.09,0.4888,20
353035,6.23,0.8553,20
353128,6.05,0.3666,20
353220,6.14,0.1222,20
353313,5.95,0.2444,20
353405,5.78,1.0997,19
353499,4.26,0.8553,19
353592,4.92,0.7331,19
353684,5.36,0,19
353777,5.19,0.1222,19
353870,5.37,0.6109,19
353963,5.51,0.6109,19
354056,5.7,0.3666,19
354149,5.54,0.9775,19
354241,5.45,0.6109,19
354334,5.49,0.6109,19
354427,5.47,0.7331,19
354520,5.5,0.2444,19
354613,5.67,1.0997,19
354705,5.64,0.4888,19
354798,4.98,0.2444,19
354891,4.93,0.3666,19
354983,5.18,0.1222,19
355077,5.42,0,19
355170,5.34,1.2219,19
355262,5.26,0.8553,19
355355,5.21,0.4888,19
355448,4.33,0.3666,18
355540,3.48,0.4888,18
355634,4.75,0.4888,18
355727,4.69,0.2444,18
355819,4.54,0.7331,18
355912,4.54,0.6109,18
356004,4.7,0.3666,18
356098,4.88,0.9775,18
356191,4.94,0.4888,18
356283,4.79,0.7331,18
356376,4.77,0.6109,18
356469,4.51,0.7331,18
356561,4.46,0.6109,18
356655,4.51,0.7331,18
356748,4.63,0.8553,18
356840,4.48,0.4888,18
356933,4.64,0.6109,18
357025,4.73,0.7331,18
357118,4.7,0.4888,18
357212,4.63,0.9775,18
357304,4.59,0.9775,18
357397,4.5,0.3666,17
357490,3.29,0.8553,17
357582,3.71,0.2444,17
357676,4.14,0.7331,17
357769,4.32,0.3666,17
357861,4.23,0.6109,17
357954,4.33,0,17
358046,4.16,0.8553,17
358139,4.09,0.7331,17
358233,4.25,0.3666,17
358325,4.22,0.2444,17
358418,4.15,0.8553,17
358511,4.17,0.4888,17
358603,4.28,0.6109,17
358696,3.93,0.4888,17
358790,4.05,0.6109,17
358882,4,0.4888,17
358975,4.12,0.6109,17
359068,4.17,0.4888,17
359160,4.27,0.2444,17
359254,4.29,0.6109,17
359347,4.22,0.2444,17
359439,3.24,0.6109,16
359532,2.77,0.2444,16
359624,3.19,0.2444,16
359717,3.59,0.6109,16
359811,3.81,0.4888,16
359903,3.71,0.2444,16
359996,3.86,0.9775,16
360089,3.84,0.2444,16
360181,3.71,0.3666,16
360274,3.86,0.3666,16
360367,3.52,0.4888,16
360460,3.64,0.6109,16
360553,3.75,0.4888,16
360645,3.55,0.7331,16
360738,3.7,0.3666,16
360832,3.84,0.2444,16
360924,3.76,0.7331,16
361017,3.69,0.8553,16
361110,3.7,0.1222,16
361202,3.56,0.7331,16
361295,3.58,0.6109,16
361388,3.29,0.6109,15
361481,2.02,0.4888,15
361574,2.59,0.3666,15
361666,2.95,0.4888,15
361759,3.21,0.4888,15
361852,3.24,0.2444,15
361945,3.12,0.7331,15
362038,3.39,0.3666,15
362131,3.38,0.8553,15
362223,3.31,0.3666,15
362316,3.21,0.4888,15
362409,3.01,0.4888,15
362502,3.15,0.6109,15
362595,3.33,0.2444,15
362687,3.1,0,15
362780,3.36,0.7331,15
362873,3.26,0.4888,15
362966,3.11,0.2444,15
363059,3.15,0.4888,15
363152,3.13,0.3666,15
363244,3.32,0.2444,15
363337,3.21,0.4888,15
363430,2.77,0.6109,14
363523,2.14,0.4888,14
363616,2.85,0.6109,14
363708,3.09,0.4888,14
363801,3.03,0.6109,14
363894,3,0.6109,14
363986,3.05,0.4888,14
364080,2.71,0.3666,14
364173,2.69,0.3666,14
364265,2.66,0.8553,14
364358,2.66,0.3666,14
364451,2.77,0.1222,14
364544,2.96,0.4888,14
364637,2.96,0.2444,14
364729,2.87,0.3666,14
364822,2.78,0.2444,14
364915,2.9,0.7331,14
365007,3.11,0.3666,14
365101,2.98,0.6109,14
365194,2.92,0.1222,14
365286,2.9,0.3666,14
365379,2.55,0.1222,13
365472,1.76,0.4888,13
365564,2.33,0.2444,13
365658,2.66,0.1222,13
365751,2.72,0.9775,13
365843,2.93,0.3666,13
365936,2.72,0.3666,13
366028,2.46,0.4888,13
366121,2.36,0.1222,13
366215,2.49,0.1222,13
366307,2.51,0.6109,13
366400,2.74,0.4888,13
366493,2.62,0.4888,13
366585,2.21,0.2444,13
366679,2.29,0.4888,13
366772,2.43,0.3666,13
366864,2.55,0.4888,13
366957,2.56,0.1222,13
367050,2.64,0.3666,13
367142,2.61,0.1222,13
367236,2.66,0.7331,13
367328,2.51,0.3666,13
367421,1.7,0.2444,12
367514,0.73,0.3666,12
367606,1.56,0.6109,12
367699,1.9,0.1222,12
367793,2.03,0.4888,12
367885,2.15,0.6109,12
367978,2.29,0.7331,12
368071,2.05,0.2444,12
368163,1.89,0.2444,12
368257,2.05,0.4888,12
368350,1.91,0.4888,12
368442,1.79,0.2444,12
368535,2.25,0.6109,12
368627,2.41,0.3666,12
368720,2.16,0.3666,12
368814,2,0.1222,12
368906,1.96,0.6109,12
368999,1.84,0.1222,12
369092,1.88,0.1222,12
369184,1.87,0.2444,12
369277,1.89,0.7331,12
369371,1.83,0.4888,11
369463,0.87,0.6109,11
369556,0.94,0.3666,11
369648,1.61,0.4888,11
369741,1.81,0.3666,11
369835,1.76,0.3666,11
369927,1.77,0,11
370020,1.53,0.3666,11
370113,1.29,0.2444,11
370205,1.42,0.2444,11
370298,1.72,0.3666,11
370392,1.74,0.3666,11
370484,1.81,0.2444,11
370577,1.64,0.2444,11
370670,1.65,0.3666,11
370762,1.81,0.2444,11
370855,1.78,0.2444,11
370948,1.88,0.4888,11
371041,1.8,0.2444,11
371134,1.73,0.2444,11
371227,1.78,0.2444,11
,11,,